-- phpMyAdmin SQL Dump
-- version 5.2.0
-- https://www.phpmyadmin.net/
--
-- Host: 127.0.0.1
-- Generation Time: Aug 18, 2022 at 04:06 AM
-- Server version: 10.4.24-MariaDB
-- PHP Version: 7.4.29

SET SQL_MODE = "NO_AUTO_VALUE_ON_ZERO";
START TRANSACTION;
SET time_zone = "+00:00";


/*!40101 SET @OLD_CHARACTER_SET_CLIENT=@@CHARACTER_SET_CLIENT */;
/*!40101 SET @OLD_CHARACTER_SET_RESULTS=@@CHARACTER_SET_RESULTS */;
/*!40101 SET @OLD_COLLATION_CONNECTION=@@COLLATION_CONNECTION */;
/*!40101 SET NAMES utf8mb4 */;

--
-- Database: `simawai`
--

-- --------------------------------------------------------

--
-- Table structure for table `auth_activation_attempts`
--

CREATE TABLE `auth_activation_attempts` (
  `id` int(11) UNSIGNED NOT NULL,
  `ip_address` varchar(255) NOT NULL,
  `user_agent` varchar(255) NOT NULL,
  `token` varchar(255) DEFAULT NULL,
  `created_at` datetime NOT NULL
) ENGINE=InnoDB DEFAULT CHARSET=utf8;

-- --------------------------------------------------------

--
-- Table structure for table `auth_groups`
--

CREATE TABLE `auth_groups` (
  `id` int(11) UNSIGNED NOT NULL,
  `name` varchar(255) NOT NULL,
  `description` varchar(255) NOT NULL
) ENGINE=InnoDB DEFAULT CHARSET=utf8;

--
-- Dumping data for table `auth_groups`
--

INSERT INTO `auth_groups` (`id`, `name`, `description`) VALUES
(1, 'hrd', 'Site Administrator'),
(2, 'pelamar', 'Regular User');

-- --------------------------------------------------------

--
-- Table structure for table `auth_groups_permissions`
--

CREATE TABLE `auth_groups_permissions` (
  `group_id` int(11) UNSIGNED NOT NULL DEFAULT 0,
  `permission_id` int(11) UNSIGNED NOT NULL DEFAULT 0
) ENGINE=InnoDB DEFAULT CHARSET=utf8;

-- --------------------------------------------------------

--
-- Table structure for table `auth_groups_users`
--

CREATE TABLE `auth_groups_users` (
  `group_id` int(11) UNSIGNED NOT NULL DEFAULT 0,
  `user_id` int(11) UNSIGNED NOT NULL DEFAULT 0
) ENGINE=InnoDB DEFAULT CHARSET=utf8;

--
-- Dumping data for table `auth_groups_users`
--

INSERT INTO `auth_groups_users` (`group_id`, `user_id`) VALUES
(1, 1),
(2, 2),
(2, 3),
(2, 4),
(2, 21),
(2, 22),
(2, 24),
(2, 26);

-- --------------------------------------------------------

--
-- Table structure for table `auth_logins`
--

CREATE TABLE `auth_logins` (
  `id` int(11) UNSIGNED NOT NULL,
  `ip_address` varchar(255) DEFAULT NULL,
  `email` varchar(255) DEFAULT NULL,
  `user_id` int(11) UNSIGNED DEFAULT NULL,
  `date` datetime NOT NULL,
  `success` tinyint(1) NOT NULL
) ENGINE=InnoDB DEFAULT CHARSET=utf8;

--
-- Dumping data for table `auth_logins`
--

INSERT INTO `auth_logins` (`id`, `ip_address`, `email`, `user_id`, `date`, `success`) VALUES
(1, '::1', 'hrd@gmail.com', 1, '2022-03-17 07:53:00', 1),
(2, '::1', 'hrd@gmail.com', 1, '2022-03-17 07:54:45', 1),
(3, '::1', 'indah@gmail.com', 2, '2022-03-17 07:57:26', 1),
(4, '::1', 'hrd@gmail.com', 1, '2022-03-17 07:59:06', 1),
(5, '::1', 'hrd@gmail.com', 1, '2022-03-17 08:52:08', 1),
(6, '::1', 'hrd@gmail.com', 1, '2022-03-17 10:37:19', 1),
(7, '::1', 'hrd@gmail.com', 1, '2022-03-17 10:58:32', 1),
(8, '::1', 'indah@gmail.com', 2, '2022-03-17 10:58:47', 1),
(9, '::1', 'hrd@gmail.com', 1, '2022-03-19 05:09:31', 1),
(10, '::1', 'hrd@gmail.com', 1, '2022-03-20 19:00:45', 1),
(11, '::1', 'hrd@gmail.com', 1, '2022-03-21 07:53:05', 1),
(12, '::1', 'hrd@gmail.com', 1, '2022-03-21 22:57:00', 1),
(13, '::1', 'indah@gmail.com', 2, '2022-03-21 23:07:30', 1),
(14, '::1', 'hrd@gmail.com', 1, '2022-03-21 23:10:18', 1),
(15, '::1', 'hrd@gmail.com', 1, '2022-03-24 06:31:50', 1),
(16, '::1', 'hrd@gmail.com', 1, '2022-03-24 10:28:04', 1),
(17, '::1', 'hrd@gmail.com', 1, '2022-03-25 19:29:34', 1),
(18, '::1', 'indah@gmail.com', 2, '2022-03-25 19:29:54', 1),
(19, '::1', 'hrd@gmail.com', 1, '2022-03-25 19:30:58', 1),
(20, '::1', 'indah@gmail.com', 2, '2022-03-25 19:31:44', 1),
(21, '::1', 'hrd@gmail.com', 1, '2022-03-25 20:30:18', 1),
(22, '::1', 'hrd@gmail.com', 1, '2022-03-27 01:24:22', 1),
(23, '::1', 'hrd@gmail.com', 1, '2022-03-27 02:39:08', 1),
(24, '::1', 'hrd@gmail.com', 1, '2022-03-27 08:41:03', 1),
(25, '::1', 'hrd@gmail.com', NULL, '2022-03-31 01:40:50', 0),
(26, '::1', 'hrd@gmail.com', 1, '2022-03-31 01:41:21', 1),
(27, '::1', 'hrd@gmail.com', 1, '2022-03-31 21:03:32', 1),
(28, '::1', 'hrd@gmail.com', 1, '2022-04-01 10:01:13', 1),
(29, '::1', 'hrd@gmail.com', 1, '2022-04-01 21:01:15', 1),
(30, '::1', 'hrd@gmail.com', 1, '2022-04-02 09:20:00', 1),
(31, '::1', 'hrd@gmail.com', 1, '2022-04-08 02:35:59', 1),
(32, '::1', 'indah@gmail.com', 2, '2022-04-08 02:36:14', 1),
(33, '::1', 'hrd@gmail.com', 1, '2022-04-08 02:37:23', 1),
(34, '::1', 'hrd@gmail.com', 1, '2022-04-08 10:14:42', 1),
(35, '::1', 'hrd@gmail.com', 1, '2022-04-09 03:47:54', 1),
(36, '::1', 'hrd@gmail.com', 1, '2022-04-09 10:12:54', 1),
(37, '::1', 'hrd@gmail.com', 1, '2022-04-09 13:45:28', 1),
(38, '::1', 'hrd@gmail.com', 1, '2022-04-10 01:58:23', 1),
(39, '::1', 'indah@gmail.com', 2, '2022-04-10 04:02:05', 1),
(40, '::1', 'hrd@gmail.com', 1, '2022-04-10 04:06:00', 1),
(41, '::1', 'indah@gmail.com', 2, '2022-04-10 04:08:46', 1),
(42, '::1', 'hrd@gmail.com', 1, '2022-04-10 04:20:16', 1),
(43, '::1', 'hrd@gmail.com', 1, '2022-04-10 16:44:43', 1),
(44, '::1', 'hrd@gmail.com', 1, '2022-04-10 22:31:50', 1),
(45, '::1', 'indah@gmail.com', NULL, '2022-04-11 00:07:40', 0),
(46, '::1', 'indah@gmail.com', 2, '2022-04-11 00:07:49', 1),
(47, '::1', 'hrd@gmail.com', 1, '2022-04-11 00:09:03', 1),
(48, '::1', 'hrd@gmail.com', 1, '2022-04-11 01:36:19', 1),
(49, '::1', 'hrd@gmail.com', 1, '2022-04-11 06:57:50', 1),
(50, '::1', 'hrd@gmail.com', 1, '2022-04-11 17:09:47', 1),
(51, '::1', 'hrd@gmail.com', NULL, '2022-04-11 18:37:01', 0),
(52, '::1', 'hrd@gmail.com', NULL, '2022-04-11 18:37:18', 0),
(53, '::1', 'hrd@gmail.com', 1, '2022-04-11 18:38:20', 1),
(54, '::1', 'hrd@gmail.com', NULL, '2022-04-11 19:19:02', 0),
(55, '::1', 'hrd@gmail.com', 1, '2022-04-11 19:19:24', 1),
(56, '::1', 'hrd@gmail.com', NULL, '2022-04-11 19:22:09', 0),
(57, '::1', 'hrd@gmail.com', 1, '2022-04-11 19:32:43', 1),
(58, '::1', 'hrd@gmail.com', 1, '2022-04-11 20:02:04', 1),
(59, '::1', 'hrd@gmail.com', NULL, '2022-04-11 20:02:55', 0),
(60, '::1', 'hrd@gmail.com', 1, '2022-04-11 20:03:01', 1),
(61, '::1', 'hrd@gmail.com', 1, '2022-04-11 20:28:57', 1),
(62, '::1', 'hrd@gmail.com', 1, '2022-04-12 05:38:20', 1),
(63, '::1', 'hrd@gmail.com', 1, '2022-04-12 08:15:49', 1),
(64, '::1', 'hrd@gmail.com', NULL, '2022-04-12 08:22:39', 0),
(65, '::1', 'hrd@gmail.com', 1, '2022-04-12 08:22:46', 1),
(66, '::1', 'hrd@gmail.com', 1, '2022-04-12 08:48:43', 1),
(67, '::1', 'hrd@gmail.com', NULL, '2022-04-12 08:48:53', 0),
(68, '::1', 'hrd@gmail.com', 1, '2022-04-12 08:50:41', 1),
(69, '::1', 'hrd@gmail.com', 1, '2022-04-12 08:51:08', 1),
(70, '::1', 'cobahrd@gmail.com', NULL, '2022-04-12 08:58:03', 0),
(71, '::1', 'cobahrd@gmail.com', NULL, '2022-04-12 08:58:57', 0),
(72, '::1', 'cobahrd@gmail.com', NULL, '2022-04-12 09:00:54', 0),
(73, '::1', 'cobahrd@gmail.com', NULL, '2022-04-12 09:06:36', 0),
(74, '::1', 'cobahrd@gmail.com', NULL, '2022-04-12 09:07:50', 0),
(75, '::1', 'cobahrd@gmail.com', NULL, '2022-04-12 09:22:17', 0),
(76, '::1', 'hrd@gmail.com', 1, '2022-04-12 09:22:26', 1),
(77, '::1', 'cobahrd@gmail.com', 3, '2022-04-12 09:26:06', 1),
(78, '::1', 'cobahrd@gmail.com', NULL, '2022-04-12 09:29:39', 0),
(79, '::1', 'cobahrd@gmail.com', 3, '2022-04-12 09:29:53', 1),
(80, '::1', 'cobahrd@gmail.com', 3, '2022-04-12 09:48:24', 1),
(81, '::1', 'cobahrd@gmail.com', NULL, '2022-04-12 09:54:47', 0),
(82, '::1', 'cobahrd@gmail.com', 3, '2022-04-12 09:54:56', 1),
(83, '::1', 'cobahrd@gmail.com', NULL, '2022-04-12 09:57:26', 0),
(84, '::1', 'cobahrd@gmail.com', 3, '2022-04-12 09:57:33', 1),
(85, '::1', 'cobahrd@gmail.com', 3, '2022-04-12 09:59:31', 1),
(86, '::1', 'hrd@gmail.com', 1, '2022-04-12 10:03:40', 1),
(87, '::1', 'hrd@gmail.com', 1, '2022-04-12 10:04:06', 1),
(88, '::1', 'hrd@gmail.com', 1, '2022-04-12 12:33:09', 1),
(89, '::1', 'cobahrd@gmail.com', 3, '2022-04-12 12:33:19', 1),
(90, '::1', 'cobahrd@gmail.com', 3, '2022-04-12 12:33:44', 1),
(91, '::1', 'indah@gmail.com', 2, '2022-04-12 12:33:57', 1),
(92, '::1', 'indah@gmail.com', 2, '2022-04-12 12:34:30', 1),
(93, '::1', 'hrd@gmail.com', 1, '2022-04-12 13:17:17', 1),
(94, '::1', 'indah@gmail.com', 2, '2022-04-12 16:32:33', 1),
(95, '::1', 'hrd@gmail.com', 1, '2022-04-12 16:32:44', 1),
(96, '::1', 'hrd@gmail.com', NULL, '2022-04-13 09:44:43', 0),
(97, '::1', 'hrd@gmail.com', 1, '2022-04-13 09:44:50', 1),
(98, '::1', 'hrd@gmail.com', NULL, '2022-04-14 17:44:53', 0),
(99, '::1', 'hrd@gmail.com', 1, '2022-04-14 17:45:00', 1),
(100, '::1', 'hrd@gmail.com', NULL, '2022-04-14 21:58:47', 0),
(101, '::1', 'hrd@gmail.com', 1, '2022-04-14 21:58:56', 1),
(102, '::1', 'hrd@gmail.com', 1, '2022-04-15 02:11:32', 1),
(103, '::1', 'indah@gmail.com', 2, '2022-04-15 03:25:20', 1),
(104, '::1', 'hrd@gmail.com', 1, '2022-04-15 03:25:59', 1),
(105, '::1', 'hrd@gmail.com', NULL, '2022-04-15 21:12:18', 0),
(106, '::1', 'hrd@gmail.com', 1, '2022-04-15 21:12:24', 1),
(107, '::1', 'hrd@gmail.com', 1, '2022-04-16 00:32:44', 1),
(108, '::1', 'hrd@gmail.com', 1, '2022-04-16 09:23:58', 1),
(109, '::1', 'hrd@gmail.com', 1, '2022-04-16 15:53:44', 1),
(110, '::1', 'hrd@gmail.com', 1, '2022-04-16 21:50:54', 1),
(111, '::1', 'hrd@gmail.com', 1, '2022-04-17 01:20:18', 1),
(112, '::1', 'hrd@gmail.com', 1, '2022-04-17 10:34:03', 1),
(113, '::1', 'hrd@gmail.com', 1, '2022-04-17 16:22:57', 1),
(114, '::1', 'hrd@gmail.com', 1, '2022-04-17 16:55:56', 1),
(115, '::1', 'hrd@gmail.com', 1, '2022-04-17 21:14:40', 1),
(116, '::1', 'hrd@gmail.com', 1, '2022-04-17 21:24:46', 1),
(117, '::1', 'hrd@gmail.com', 1, '2022-04-18 02:48:30', 1),
(118, '::1', 'hrd@gmail.com', 1, '2022-04-18 06:39:59', 1),
(119, '::1', 'indah@gmail.com', 2, '2022-04-18 11:01:46', 1),
(120, '::1', 'hrd@gmail.com', 1, '2022-04-18 16:55:04', 1),
(121, '::1', 'hrd@gmail.com', 1, '2022-04-19 00:35:31', 1),
(122, '::1', 'hrd@gmail.com', 1, '2022-04-19 04:23:33', 1),
(123, '::1', 'hrd@gmail.com', 1, '2022-04-19 11:04:16', 1),
(124, '::1', 'hrd@gmail.com', NULL, '2022-04-19 11:20:17', 0),
(125, '::1', 'hrd@gmail.com', 1, '2022-04-19 11:20:23', 1),
(126, '::1', 'hrd@gmail.com', 1, '2022-04-19 11:35:48', 1),
(127, '::1', 'hrd@gmail.com', 1, '2022-04-19 16:21:25', 1),
(128, '::1', 'hrd@gmail.com', 1, '2022-04-19 17:06:24', 1),
(129, '::1', 'hrd@gmail.com', 1, '2022-04-19 17:06:54', 1),
(130, '::1', 'hrd@gmail.com', 1, '2022-04-19 19:34:56', 1),
(131, '::1', 'hrd@gmail.com', 1, '2022-04-19 19:35:42', 1),
(132, '::1', 'hrd@gmail.com', 1, '2022-04-19 19:36:37', 1),
(133, '::1', 'hrd@gmail.com', 1, '2022-04-19 19:38:22', 1),
(134, '::1', 'hrd@gmail.com', 1, '2022-04-19 20:06:41', 1),
(135, '::1', 'hrd@gmail.com', 1, '2022-04-19 20:10:51', 1),
(136, '::1', 'hrd@gmail.com', 1, '2022-04-19 22:33:59', 1),
(137, '::1', 'hrd@gmail.com', 1, '2022-04-19 23:24:03', 1),
(138, '::1', 'hrd@gmail.com', 1, '2022-04-20 00:55:14', 1),
(139, '::1', 'hrd@gmail.com', 1, '2022-04-20 01:04:40', 1),
(140, '::1', 'hrd@gmail.com', 1, '2022-04-20 01:17:29', 1),
(141, '::1', 'hrd@gmail.com', 1, '2022-04-20 02:45:48', 1),
(142, '::1', 'hrd@gmail.com', 1, '2022-04-20 03:14:08', 1),
(143, '::1', 'hrd@gmail.com', 1, '2022-04-20 03:16:03', 1),
(144, '::1', 'hrd@gmail.com', 1, '2022-04-20 11:35:41', 1),
(145, '::1', 'indah@gmail.com', 2, '2022-04-21 02:49:53', 1),
(146, '::1', 'hrd@gmail.com', 1, '2022-04-21 04:37:06', 1),
(147, '::1', 'indah@gmail.com', 2, '2022-04-21 04:37:23', 1),
(148, '::1', 'hrd@gmail.com', 1, '2022-04-21 05:02:09', 1),
(149, '::1', 'indah@gmail.com', 2, '2022-04-21 05:02:22', 1),
(150, '::1', 'indah@gmail.com', NULL, '2022-04-21 05:03:05', 0),
(151, '::1', 'indah@gmail.com', 2, '2022-04-21 05:03:39', 1),
(152, '::1', 'hrd@gmail.com', 1, '2022-04-21 05:05:47', 1),
(153, '::1', 'indah@gmail.com', 2, '2022-04-21 05:06:03', 1),
(154, '::1', 'hrd@gmail.com', 1, '2022-04-21 05:21:18', 1),
(155, '::1', 'hrd@gmail.com', 1, '2022-04-21 05:26:26', 1),
(156, '::1', 'hrd@gmail.com', 1, '2022-04-21 05:30:41', 1),
(157, '::1', 'indah@gmail.com', 2, '2022-04-21 06:21:58', 1),
(158, '::1', 'hrd@gmail.com', 1, '2022-04-21 06:24:37', 1),
(159, '::1', 'indah@gmail.com', 2, '2022-04-21 06:24:48', 1),
(160, '::1', 'hrd@gmail.com', 1, '2022-04-21 06:33:48', 1),
(161, '::1', 'indah@gmail.com', 2, '2022-04-21 06:34:07', 1),
(162, '::1', 'indah@gmail.com', 2, '2022-04-21 06:34:50', 1),
(163, '::1', 'hrd@gmail.com', 1, '2022-04-21 06:35:04', 1),
(164, '::1', 'indah@gmail.com', 2, '2022-04-21 06:35:23', 1),
(165, '::1', 'hrd@gmail.com', 1, '2022-04-21 06:36:16', 1),
(166, '::1', 'indah@gmail.com', 2, '2022-04-21 06:36:30', 1),
(167, '::1', 'hrd@gmail.com', 1, '2022-04-21 06:36:56', 1),
(168, '::1', 'hrd@gmail.com', 1, '2022-04-21 06:45:58', 1),
(169, '::1', 'indah@gmail.com', 2, '2022-04-21 06:46:24', 1),
(170, '::1', 'indah@gmail.com', 2, '2022-04-21 07:27:53', 1),
(171, '::1', 'hrd@gmail.com', 1, '2022-04-21 07:28:08', 1),
(172, '::1', 'indah@gmail.com', 2, '2022-04-21 07:28:23', 1),
(173, '::1', 'hrd@gmail.com', 1, '2022-04-21 07:28:45', 1),
(174, '::1', 'indah@gmail.com', 2, '2022-04-21 07:29:08', 1),
(175, '::1', 'hrd@gmail.com', 1, '2022-04-21 08:13:33', 1),
(176, '::1', 'indah@gmail.com', 2, '2022-04-21 08:13:48', 1),
(177, '::1', 'hrd@gmail.com', 1, '2022-04-21 08:14:57', 1),
(178, '::1', 'indah@gmail.com', 2, '2022-04-21 08:15:18', 1),
(179, '::1', 'indah@gmail.com', 2, '2022-04-21 08:46:51', 1),
(180, '::1', 'indah@gmail.com', NULL, '2022-04-21 08:54:30', 0),
(181, '::1', 'indah@gmail.com', 2, '2022-04-21 08:54:39', 1),
(182, '::1', 'indah@gmail.com', 2, '2022-04-21 08:59:56', 1),
(183, '::1', 'indah@gmail.com', 2, '2022-04-21 09:26:37', 1),
(184, '::1', 'indah@gmail.com', 2, '2022-04-21 10:56:56', 1),
(185, '::1', 'indah@gmail.com', 2, '2022-04-21 14:27:18', 1),
(186, '::1', 'hrd@gmail.com', 1, '2022-04-21 14:52:10', 1),
(187, '::1', 'indah@gmail.com', 2, '2022-04-21 14:52:33', 1),
(188, '::1', 'hrd@gmail.com', 1, '2022-04-21 14:57:19', 1),
(189, '::1', 'indah@gmail.com', 2, '2022-04-21 14:58:02', 1),
(190, '::1', 'hrd@gmail.com', 1, '2022-04-21 15:13:06', 1),
(191, '::1', 'indah@gmail.com', 2, '2022-04-21 15:21:09', 1),
(192, '::1', 'hrd@gmail.com', 1, '2022-04-21 15:21:55', 1),
(193, '::1', 'indah@gmail.com', 2, '2022-04-21 15:23:29', 1),
(194, '::1', 'indah@gmail.com', 2, '2022-04-21 17:28:27', 1),
(195, '::1', 'indah@gmail.com', 2, '2022-04-21 20:50:34', 1),
(196, '::1', 'indah@gmail.com', 2, '2022-04-21 20:59:24', 1),
(197, '::1', 'indah@gmail.com', 2, '2022-04-21 21:10:29', 1),
(198, '::1', 'hrd@gmail.com', 1, '2022-04-21 21:12:18', 1),
(199, '::1', 'hrd@gmail.com', 1, '2022-04-21 21:13:19', 1),
(200, '::1', 'indah@gmail.com', 2, '2022-04-21 21:14:20', 1),
(201, '::1', 'indah@gmail.com', 2, '2022-04-21 21:54:37', 1),
(202, '::1', 'indah@gmail.com', NULL, '2022-04-21 21:54:48', 0),
(203, '::1', 'indah@gmail.com', 2, '2022-04-21 21:54:54', 1),
(204, '::1', 'hrd@gmail.com', 1, '2022-04-22 03:40:07', 1),
(205, '::1', 'indah@gmail.com', 2, '2022-04-22 04:44:32', 1),
(206, '::1', 'indah@gmail.com', 2, '2022-04-22 13:59:28', 1),
(207, '::1', 'indah@gmail.com', 2, '2022-04-22 14:01:10', 1),
(208, '::1', 'indah@gmail.com', 2, '2022-04-22 19:21:35', 1),
(209, '::1', 'indah@gmail.com', 2, '2022-04-23 04:57:22', 1),
(210, '::1', 'indah@gmail.com', 2, '2022-04-23 20:57:03', 1),
(211, '::1', 'indah@gmail.com', 2, '2022-04-24 02:22:12', 1),
(212, '::1', 'indah@gmail.com', 2, '2022-04-24 04:54:49', 1),
(213, '::1', 'indah@gmail.com', 2, '2022-04-24 23:32:39', 1),
(214, '::1', 'indah@gmail.com', 2, '2022-04-25 16:10:22', 1),
(215, '::1', 'indah@gmail.com', 2, '2022-04-25 20:03:48', 1),
(216, '::1', 'indah@gmail.com', 2, '2022-04-26 09:47:15', 1),
(217, '::1', 'indah@gmail.com', 2, '2022-04-26 09:49:13', 1),
(218, '::1', 'indah@gmail.com', 2, '2022-04-26 09:57:32', 1),
(219, '::1', 'indah@gmail.com', 2, '2022-04-26 10:01:10', 1),
(220, '::1', 'indah@gmail.com', 2, '2022-04-26 11:42:41', 1),
(221, '::1', 'hrd@gmail.com', 1, '2022-04-26 13:23:03', 1),
(222, '::1', 'indah@gmail.com', 2, '2022-04-26 13:49:30', 1),
(223, '::1', 'hrd@gmail.com', 1, '2022-04-26 13:59:02', 1),
(224, '::1', 'indah@gmail.com', 2, '2022-04-26 14:34:33', 1),
(225, '::1', 'hrd@gmail.com', 1, '2022-04-26 14:51:33', 1),
(226, '::1', 'indah@gmail.com', 2, '2022-04-26 17:38:30', 1),
(227, '::1', 'hrd@gmail.com', 1, '2022-04-26 17:39:57', 1),
(228, '::1', 'indah@gmail.com', 2, '2022-04-26 17:41:57', 1),
(229, '::1', 'hrd@gmail.com', 1, '2022-04-26 17:42:39', 1),
(230, '::1', 'indah@gmail.com', 2, '2022-04-26 17:43:26', 1),
(231, '::1', 'hrd@gmail.com', 1, '2022-04-26 17:44:09', 1),
(232, '::1', 'indah@gmail.com', 2, '2022-04-26 17:45:17', 1),
(233, '::1', 'hrd@gmail.com', 1, '2022-04-26 17:48:29', 1),
(234, '::1', 'indah@gmail.com', 2, '2022-04-26 17:48:52', 1),
(235, '::1', 'hrd@gmail.com', 1, '2022-04-26 17:49:42', 1),
(236, '::1', 'indah@gmail.com', 2, '2022-04-26 21:30:41', 1),
(237, '::1', 'hrd@gmail.com', 1, '2022-04-27 07:18:59', 1),
(238, '::1', 'indah@gmail.com', 2, '2022-04-27 07:52:47', 1),
(239, '::1', 'hrd@gmail.com', 1, '2022-04-27 10:38:17', 1),
(240, '::1', 'indah@gmail.com', 2, '2022-04-27 11:48:08', 1),
(241, '::1', 'hrd@gmail.com', 1, '2022-04-27 12:28:18', 1),
(242, '::1', 'indah@gmail.com', 2, '2022-04-27 12:29:13', 1),
(243, '::1', 'hrd@gmail.com', 1, '2022-04-27 12:32:16', 1),
(244, '::1', 'indah@gmail.com', 2, '2022-04-27 12:40:40', 1),
(245, '::1', 'indah@gmail.com', 2, '2022-04-27 12:42:21', 1),
(246, '::1', 'hrd@gmail.com', 1, '2022-04-27 12:43:23', 1),
(247, '::1', 'indah@gmail.com', 2, '2022-04-27 12:44:17', 1),
(248, '::1', 'hrd@gmail.com', 1, '2022-04-27 12:46:03', 1),
(249, '::1', 'indah@gmail.com', 2, '2022-04-27 12:47:08', 1),
(250, '::1', 'hrd@gmail.com', 1, '2022-04-27 12:49:13', 1),
(251, '::1', 'indah@gmail.com', 2, '2022-04-27 12:51:46', 1),
(252, '::1', 'hrd@gmail.com', 1, '2022-04-27 13:03:20', 1),
(253, '::1', 'indah@gmail.com', 2, '2022-04-27 13:10:53', 1),
(254, '::1', 'indah@gmail.com', 2, '2022-04-27 13:11:54', 1),
(255, '::1', 'hrd@gmail.com', NULL, '2022-04-27 13:13:35', 0),
(256, '::1', 'hrd@gmail.com', 1, '2022-04-27 13:13:41', 1),
(257, '::1', 'indah@gmail.com', 2, '2022-04-27 13:14:23', 1),
(258, '::1', 'hrd@gmail.com', 1, '2022-04-27 13:15:12', 1),
(259, '::1', 'hrd@gmail.com', 1, '2022-04-27 17:22:43', 1),
(260, '::1', 'indah@gmail.com', 2, '2022-04-28 02:04:04', 1),
(261, '::1', 'hrd@gmail.com', 1, '2022-04-28 02:17:13', 1),
(262, '::1', 'indah@gmail.com', 2, '2022-04-28 02:21:32', 1),
(263, '::1', 'hrd@gmail.com', 1, '2022-04-28 02:24:17', 1),
(264, '::1', 'indah@gmail.com', 2, '2022-04-28 07:29:10', 1),
(265, '::1', 'hrd@gmail.com', 1, '2022-04-28 07:37:57', 1),
(266, '::1', 'indah@gmail.com', 2, '2022-04-28 07:41:49', 1),
(267, '::1', 'hrd@gmail.com', 1, '2022-04-28 07:48:01', 1),
(268, '::1', 'indah@gmail.com', 2, '2022-04-28 09:09:34', 1),
(269, '::1', 'hrd@gmail.com', 1, '2022-04-28 09:23:09', 1),
(270, '::1', 'indah@gmail.com', 2, '2022-04-28 10:06:00', 1),
(271, '::1', 'hrd@gmail.com', 1, '2022-04-28 10:09:54', 1),
(272, '::1', 'hrd@gmail.com', 1, '2022-04-28 15:35:50', 1),
(273, '::1', 'hrd@gmail.com', 1, '2022-04-28 15:41:06', 1),
(274, '::1', 'hrd@gmail.com', 1, '2022-04-29 23:55:25', 1),
(275, '::1', 'hrd@gmail.com', 1, '2022-04-30 09:18:09', 1),
(276, '::1', 'hrd@gmail.com', 1, '2022-05-01 09:48:30', 1),
(277, '::1', 'hrd@gmail.com', 1, '2022-05-01 14:17:51', 1),
(278, '::1', 'indah@gmail.com', 2, '2022-05-01 19:17:45', 1),
(279, '::1', 'indah@gmail.com', 2, '2022-05-01 23:03:38', 1),
(280, '::1', 'hrd@gmail.com', 1, '2022-05-01 23:09:37', 1),
(281, '::1', 'hrd@gmail.com', 1, '2022-05-02 01:33:09', 1),
(282, '::1', 'hrd@gmail.com', 1, '2022-05-02 01:53:14', 1),
(283, '::1', 'hrd@gmail.com', 1, '2022-05-09 14:27:42', 1),
(284, '::1', 'indah@gmail.com', 2, '2022-05-09 14:28:22', 1),
(285, '::1', 'hrd@gmail.com', NULL, '2022-05-09 16:32:15', 0),
(286, '::1', 'hrd@gmail.com', 1, '2022-05-09 16:32:24', 1),
(287, '::1', 'hrd@gmail.com', 1, '2022-05-09 16:57:29', 1),
(288, '::1', 'indah@gmail.com', 2, '2022-05-09 16:58:56', 1),
(289, '::1', 'hrd@gmail.com', 1, '2022-05-09 17:09:10', 1),
(290, '::1', 'indah@gmail.com', 2, '2022-05-09 18:38:43', 1),
(291, '::1', 'hrd@gmail.com', 1, '2022-05-09 18:39:52', 1),
(292, '::1', 'indah@gmail.com', NULL, '2022-05-09 18:40:20', 0),
(293, '::1', 'indah@gmail.com', 2, '2022-05-09 18:40:25', 1),
(294, '::1', 'hrd@gmail.com', 1, '2022-05-09 19:04:43', 1),
(295, '::1', 'indah@gmail.com', 2, '2022-05-09 19:54:36', 1),
(296, '::1', 'hrd@gmail.com', 1, '2022-05-09 19:55:00', 1),
(297, '::1', 'hrd@gmail.com', 1, '2022-05-09 20:07:38', 1),
(298, '::1', 'indah@gmail.com', 2, '2022-05-09 22:50:48', 1),
(299, '::1', 'hrd@gmail.com', 1, '2022-05-09 22:55:31', 1),
(300, '::1', 'indah@gmail.com', 2, '2022-05-09 22:55:52', 1),
(301, '::1', 'hrd@gmail.com', 1, '2022-05-10 06:47:22', 1),
(302, '::1', 'indah@gmail.com', 2, '2022-05-10 07:31:20', 1),
(303, '::1', 'hrd@gmail.com', 1, '2022-05-10 07:55:21', 1),
(304, '::1', 'hrd@gmail.com', NULL, '2022-05-10 08:01:20', 0),
(305, '::1', 'hrd@gmail.com', 1, '2022-05-10 08:01:26', 1),
(306, '::1', 'indah@gmail.com', 2, '2022-05-10 08:03:25', 1),
(307, '::1', 'hrd@gmail.com', 1, '2022-05-10 08:05:00', 1),
(308, '::1', 'hrd@gmail.com', 1, '2022-05-10 08:15:27', 1),
(309, '::1', 'indah@gmail.com', 2, '2022-05-10 08:17:30', 1),
(310, '::1', 'hrd@gmail.com', 1, '2022-05-10 08:41:02', 1),
(311, '::1', 'indah@gmail.com', 2, '2022-05-10 08:43:13', 1),
(312, '::1', 'hrd@gmail.com', 1, '2022-05-10 08:45:12', 1),
(313, '::1', 'hrd@gmail.com', 1, '2022-05-10 08:46:19', 1),
(314, '::1', 'indah@gmail.com', 2, '2022-05-10 08:52:55', 1),
(315, '::1', 'hrd@gmail.com', 1, '2022-05-10 08:53:57', 1),
(316, '::1', 'indah@gmail.com', 2, '2022-05-10 08:54:20', 1),
(317, '::1', 'hrd@gmail.com', 1, '2022-05-10 08:58:02', 1),
(318, '::1', 'indah@gmail.com', 2, '2022-05-10 09:13:12', 1),
(319, '::1', 'hrd@gmail.com', 1, '2022-05-10 09:13:59', 1),
(320, '::1', 'indah@gmail.com', 2, '2022-05-10 09:15:34', 1),
(321, '::1', 'hrd@gmail.com', 1, '2022-05-10 09:17:33', 1),
(322, '::1', 'indah@gmail.com', 2, '2022-05-10 09:19:13', 1),
(323, '::1', 'hrd@gmail.com', 1, '2022-05-10 09:19:58', 1),
(324, '::1', 'indah@gmail.com', 2, '2022-05-10 09:21:06', 1),
(325, '::1', 'hrd@gmail.com', NULL, '2022-05-10 09:26:16', 0),
(326, '::1', 'hrd@gmail.com', 1, '2022-05-10 09:26:23', 1),
(327, '::1', 'indah@gmail.com', 2, '2022-05-10 09:34:11', 1),
(328, '::1', 'hrd@gmail.com', 1, '2022-05-10 09:43:05', 1),
(329, '::1', 'indah@gmail.com', 2, '2022-05-10 09:43:27', 1),
(330, '::1', 'hrd@gmail.com', 1, '2022-05-10 09:44:41', 1),
(331, '::1', 'indah@gmail.com', 2, '2022-05-10 09:45:31', 1),
(332, '::1', 'hrd@gmail.com', NULL, '2022-05-10 09:53:06', 0),
(333, '::1', 'hrd@gmail.com', 1, '2022-05-10 09:53:12', 1),
(334, '::1', 'indah@gmail.com', 2, '2022-05-10 09:53:39', 1),
(335, '::1', 'hrd@gmail.com', 1, '2022-05-10 09:54:30', 1),
(336, '::1', 'indah@gmail.com', 2, '2022-05-10 09:55:12', 1),
(337, '::1', 'hrd@gmail.com', 1, '2022-05-10 09:56:08', 1),
(338, '::1', 'indah@gmail.com', 2, '2022-05-10 09:57:38', 1),
(339, '::1', 'hrd@gmail.com', 1, '2022-05-10 09:58:25', 1),
(340, '::1', 'indah@gmail.com', 2, '2022-05-10 09:59:14', 1),
(341, '::1', 'hrd@gmail.com', 1, '2022-05-10 09:59:56', 1),
(342, '::1', 'hrd@gmail.com', 1, '2022-05-10 10:13:43', 1),
(343, '::1', 'indah@gmail.com', 2, '2022-05-10 10:14:05', 1),
(344, '::1', 'hrd@gmail.com', NULL, '2022-05-10 10:20:59', 0),
(345, '::1', 'hrd@gmail.com', 1, '2022-05-10 10:21:09', 1),
(346, '::1', 'indah@gmail.com', 2, '2022-05-10 10:37:53', 1),
(347, '::1', 'hrd@gmail.com', 1, '2022-05-10 10:40:11', 1),
(348, '::1', 'indah@gmail.com', 2, '2022-05-10 11:16:54', 1),
(349, '::1', 'hrd@gmail.com', 1, '2022-05-10 11:24:57', 1),
(350, '::1', 'indah@gmail.com', 2, '2022-05-10 11:28:11', 1),
(351, '::1', 'hrd@gmail.com', 1, '2022-05-10 11:28:57', 1),
(352, '::1', 'indah@gmail.com', 2, '2022-05-10 11:38:40', 1),
(353, '::1', 'hrd@gmail.com', 1, '2022-05-10 11:39:33', 1),
(354, '::1', 'indah@gmail.com', 2, '2022-05-10 11:48:05', 1),
(355, '::1', 'hrd@gmail.com', 1, '2022-05-10 11:48:55', 1),
(356, '::1', 'indah@gmail.com', 2, '2022-05-10 11:52:52', 1),
(357, '::1', 'hrd@gmail.com', 1, '2022-05-10 11:53:47', 1),
(358, '::1', 'indah@gmail.com', NULL, '2022-05-10 11:54:37', 0),
(359, '::1', 'indah@gmail.com', 2, '2022-05-10 11:54:43', 1),
(360, '::1', 'hrd@gmail.com', 1, '2022-05-10 11:55:38', 1),
(361, '::1', 'indah@gmail.com', 2, '2022-05-10 11:57:57', 1),
(362, '::1', 'hrd@gmail.com', 1, '2022-05-10 11:58:48', 1),
(363, '::1', 'hrd@gmail.com', 1, '2022-05-10 11:59:27', 1),
(364, '::1', 'indah@gmail.com', 2, '2022-05-10 11:59:49', 1),
(365, '::1', 'hrd@gmail.com', 1, '2022-05-10 12:00:32', 1),
(366, '::1', 'indah@gmail.com', 2, '2022-05-10 12:06:14', 1),
(367, '::1', 'hrd@gmail.com', NULL, '2022-05-10 12:07:31', 0),
(368, '::1', 'hrd@gmail.com', 1, '2022-05-10 12:07:38', 1),
(369, '::1', 'indah@gmail.com', 2, '2022-05-10 12:08:21', 1),
(370, '::1', 'hrd@gmail.com', 1, '2022-05-10 12:09:37', 1),
(371, '::1', 'indah@gmail.com', 2, '2022-05-10 13:29:40', 1),
(372, '::1', 'hrd@gmail.com', 1, '2022-05-10 13:30:29', 1),
(373, '::1', 'indah@gmail.com', 2, '2022-05-10 13:31:42', 1),
(374, '::1', 'hrd@gmail.com', 1, '2022-05-10 13:32:37', 1),
(375, '::1', 'indah@gmail.com', 2, '2022-05-10 13:33:18', 1),
(376, '::1', 'hrd@gmail.com', 1, '2022-05-10 13:33:57', 1),
(377, '::1', 'indah@gmail.com', 2, '2022-05-10 13:34:42', 1),
(378, '::1', 'hrd@gmail.com', 1, '2022-05-10 13:35:46', 1),
(379, '::1', 'indah@gmail.com', 2, '2022-05-10 13:56:32', 1),
(380, '::1', 'hrd@gmail.com', 1, '2022-05-10 14:08:44', 1),
(381, '::1', 'indah@gmail.com', 2, '2022-05-10 14:34:27', 1),
(382, '::1', 'hrd@gmail.com', 1, '2022-05-10 14:36:33', 1),
(383, '::1', 'indah@gmail.com', 2, '2022-05-10 14:41:04', 1),
(384, '::1', 'hrd@gmail.com', 1, '2022-05-10 14:42:13', 1),
(385, '::1', 'indah@gmail.com', 2, '2022-05-10 15:11:18', 1),
(386, '::1', 'hrd@gmail.com', 1, '2022-05-10 15:12:16', 1),
(387, '::1', 'indah@gmail.com', 2, '2022-05-10 19:24:05', 1),
(388, '::1', 'hrd@gmail.com', 1, '2022-05-10 19:30:57', 1),
(389, '::1', 'indah@gmail.com', 2, '2022-05-10 22:30:46', 1),
(390, '::1', 'hrd@gmail.com', 1, '2022-05-10 22:32:14', 1),
(391, '::1', 'indah@gmail.com', 2, '2022-05-10 22:37:52', 1),
(392, '::1', 'hrd@gmail.com', 1, '2022-05-10 22:44:51', 1),
(393, '::1', 'indah@gmail.com', 2, '2022-05-10 22:50:38', 1),
(394, '::1', 'hrd@gmail.com', 1, '2022-05-10 22:51:48', 1),
(395, '::1', 'indah@gmail.com', 2, '2022-05-10 22:53:36', 1),
(396, '::1', 'hrd@gmail.com', 1, '2022-05-10 22:56:32', 1),
(397, '::1', 'indah@gmail.com', 2, '2022-05-10 23:07:08', 1),
(398, '::1', 'hrd@gmail.com', 1, '2022-05-10 23:08:57', 1),
(399, '::1', 'hrd@gmail.com', 1, '2022-05-11 08:01:54', 1),
(400, '::1', 'hrd@gmail.com', 1, '2022-05-11 09:24:23', 1),
(401, '::1', 'cobahrd@gmail.com', NULL, '2022-05-11 13:40:42', 0),
(402, '::1', 'cobahrd@gmail.com', NULL, '2022-05-11 13:40:53', 0),
(403, '::1', 'cobahrd@gmail.com', NULL, '2022-05-11 13:41:00', 0),
(404, '::1', 'cobahrd@gmail.com', NULL, '2022-05-11 13:41:10', 0),
(405, '::1', 'cobahrd@gmail.com', NULL, '2022-05-11 13:41:34', 0),
(406, '::1', 'hrd@gmail.com', 1, '2022-05-11 13:42:09', 1),
(407, '::1', 'cobahrd@gmail.com', NULL, '2022-05-11 13:45:53', 0),
(408, '::1', 'cobahrd@gmail.com', NULL, '2022-05-11 13:46:02', 0),
(409, '::1', 'cobahrd@gmail.com', NULL, '2022-05-11 13:46:08', 0),
(410, '::1', 'hrd@gmail.com', NULL, '2022-05-11 14:07:07', 0),
(411, '::1', 'hrd@gmail.com', 1, '2022-05-11 14:07:16', 1),
(412, '::1', 'hrd@gmail.com', 1, '2022-05-11 14:09:17', 1),
(413, '::1', 'indah@gmail.com', 2, '2022-05-11 14:09:39', 1),
(414, '::1', 'hrd@gmail.com', 1, '2022-05-11 14:35:39', 1),
(415, '::1', 'indah@gmail.com', 2, '2022-05-11 16:58:11', 1),
(416, '::1', 'indah@gmail.com', 2, '2022-05-11 17:01:03', 1),
(417, '::1', 'hrd@gmail.com', 1, '2022-05-11 17:02:37', 1),
(418, '::1', 'indah@gmail.com', 2, '2022-05-11 17:03:11', 1),
(419, '::1', 'hrd@gmail.com', 1, '2022-05-11 17:05:06', 1),
(420, '::1', 'indah@gmail.com', 2, '2022-05-11 17:53:57', 1),
(421, '::1', 'hrd@gmail.com', 1, '2022-05-12 09:57:48', 1),
(422, '::1', 'indah@gmail.com', NULL, '2022-05-12 14:29:35', 0),
(423, '::1', 'indah@gmail.com', NULL, '2022-05-12 14:29:43', 0),
(424, '::1', 'indah@gmail.com', 2, '2022-05-12 14:29:55', 1),
(425, '::1', 'hrd@gmail.com', 1, '2022-05-12 20:24:27', 1),
(426, '::1', 'hrd@gmail.com', 1, '2022-05-16 19:39:34', 1),
(427, '::1', 'hrd@gmail.com', NULL, '2022-05-16 19:46:23', 0),
(428, '::1', 'hrd@gmail.com', 1, '2022-05-16 19:46:30', 1),
(429, '::1', 'aura@gmail.com', 3, '2022-05-16 19:48:12', 1),
(430, '::1', 'hrd@gmail.com', 1, '2022-05-16 19:53:36', 1),
(431, '::1', 'aura@gmail.com', 3, '2022-05-16 19:55:30', 1),
(432, '::1', 'aura@gmail.com', 3, '2022-05-16 19:57:34', 1),
(433, '::1', 'hrd@gmail.com', 1, '2022-05-16 19:57:52', 1),
(434, '::1', 'hrd@gmail.com', 1, '2022-05-16 19:59:14', 1),
(435, '::1', 'indah@gmail.com', 2, '2022-05-16 19:59:28', 1),
(436, '::1', 'aura@gmail.com', 3, '2022-05-16 19:59:44', 1),
(437, '::1', 'aura@gmail.com', 3, '2022-05-16 22:13:38', 1),
(438, '::1', 'indah@gmail.com', 2, '2022-05-16 22:27:09', 1),
(439, '::1', 'hrd@gmail.com', 1, '2022-05-16 22:28:17', 1),
(440, '::1', 'aura@gmail.com', 3, '2022-05-16 22:33:34', 1),
(441, '::1', 'indah@gmail.com', 2, '2022-05-16 22:33:46', 1),
(442, '::1', 'novi@gmail.com', 4, '2022-05-17 10:21:45', 1),
(443, '::1', 'hrd@gmail.com', 1, '2022-05-17 10:23:24', 1),
(444, '::1', 'hrd@gmail.com', NULL, '2022-05-17 10:28:12', 0),
(445, '::1', 'hrd@gmail.com', 1, '2022-05-17 10:28:22', 1),
(446, '::1', 'novi@gmail.com', 4, '2022-05-17 10:28:55', 1),
(447, '::1', 'novi@gmail.com', NULL, '2022-05-17 10:29:37', 0),
(448, '::1', 'novi@gmail.com', 4, '2022-05-17 10:29:45', 1),
(449, '::1', 'novi@gmail.com', 4, '2022-05-17 10:30:04', 1),
(450, '::1', 'novi@gmail.com', 4, '2022-05-17 10:31:38', 1),
(451, '::1', 'hrd@gmail.com', 1, '2022-05-17 10:31:51', 1),
(452, '::1', 'novi@gmail.com', 4, '2022-05-17 10:32:14', 1),
(453, '::1', 'hrd@gmail.com', 1, '2022-05-17 10:33:12', 1),
(454, '::1', 'hrd@gmail.com', NULL, '2022-06-23 10:41:54', 0),
(455, '::1', 'hrd@gmail.com', 1, '2022-06-23 10:42:02', 1),
(456, '::1', 'indah@gmail.com', 2, '2022-06-23 10:43:36', 1),
(457, '::1', 'indah@gmail.com', NULL, '2022-06-29 10:09:23', 0),
(458, '::1', 'indah@gmail.com', NULL, '2022-06-29 10:09:32', 0),
(459, '::1', 'indah@gmail.com', 2, '2022-06-29 10:09:52', 1),
(460, '::1', 'hrd@gmail.com', 1, '2022-06-29 10:11:02', 1),
(461, '::1', 'hrd@gmail.com', 1, '2022-07-01 09:27:41', 1),
(462, '::1', 'indah@gmail.com', 2, '2022-07-01 10:18:00', 1),
(463, '::1', 'aura@gmail.com', NULL, '2022-07-01 10:19:37', 0),
(464, '::1', 'aura@gmail.com', NULL, '2022-07-01 10:19:46', 0),
(465, '::1', 'aura@gmail.com', NULL, '2022-07-01 10:19:54', 0),
(466, '::1', 'hrd@gmail.com', 1, '2022-07-01 10:20:03', 1),
(467, '::1', 'aura@gmail.com', 3, '2022-07-01 10:21:23', 1),
(468, '::1', 'hrd@gmail.com', 1, '2022-07-01 10:22:16', 1),
(469, '::1', 'aura@gmail.com', 3, '2022-07-01 10:23:02', 1),
(470, '::1', 'hrd@gmail.com', NULL, '2022-07-02 16:15:11', 0),
(471, '::1', 'indah@gmail.com', 2, '2022-07-02 16:15:18', 1),
(472, '::1', 'hrd@gmail.com', NULL, '2022-07-02 16:17:42', 0),
(473, '::1', 'hrd@gmail.com', 1, '2022-07-02 16:17:49', 1),
(474, '::1', 'hrd@gmail.com', 1, '2022-07-02 16:23:01', 1),
(475, '::1', 'indah@gmail.com', 2, '2022-07-02 16:23:18', 1),
(476, '::1', 'hrd@gmail.com', 1, '2022-07-02 16:29:48', 1),
(477, '::1', 'indah@gmail.com', 2, '2022-07-02 16:30:33', 1),
(478, '::1', 'hrd@gmail.com', 1, '2022-07-02 17:54:08', 1),
(479, '::1', 'hrd@gmail.com', 1, '2022-07-02 17:58:28', 1),
(480, '::1', 'hrd@gmail.com', 1, '2022-07-02 17:59:41', 1),
(481, '::1', 'indah@gmail.com', 2, '2022-07-02 17:59:53', 1),
(482, '::1', 'indah@gmail.com', 2, '2022-07-02 20:07:22', 1),
(483, '::1', 'indah@gmail.com', 2, '2022-07-02 20:59:45', 1),
(484, '::1', 'indah@gmail.com', 2, '2022-07-03 08:50:15', 1),
(485, '::1', 'indah@gmail.com', 2, '2022-07-03 08:58:38', 1),
(486, '::1', 'indah@gmail.com', 2, '2022-07-03 09:02:14', 1),
(487, '::1', 'indah@gmail.com', 2, '2022-07-03 09:09:31', 1),
(488, '::1', 'indah@gmail.com', 2, '2022-07-03 09:37:13', 1),
(489, '::1', 'indah@gmail.com', 2, '2022-07-03 09:49:32', 1),
(490, '::1', 'indah@gmail.com', 2, '2022-07-03 09:52:17', 1),
(491, '::1', 'indah@gmail.com', 2, '2022-07-03 09:52:50', 1),
(492, '::1', 'indah@gmail.com', 2, '2022-07-03 09:55:17', 1),
(493, '::1', 'hrd@gmail.com', 1, '2022-07-03 09:56:22', 1),
(494, '::1', 'indah@gmail.com', 2, '2022-07-03 10:06:49', 1),
(495, '::1', 'indah@gmail.com', 2, '2022-07-03 10:09:37', 1),
(496, '::1', 'hrd@gmail.com', 1, '2022-07-03 10:10:36', 1),
(497, '::1', 'hrd@gmail.com', 1, '2022-07-03 10:11:19', 1),
(498, '::1', 'indah@gmail.com', 2, '2022-07-03 10:11:51', 1),
(499, '::1', 'hrd@gmail.com', 1, '2022-07-03 10:12:11', 1),
(500, '::1', 'hrd@gmail.com', 1, '2022-07-03 12:50:09', 1),
(501, '::1', 'indah@gmail.com', 2, '2022-07-03 12:51:30', 1),
(502, '::1', 'hrd@gmail.com', 1, '2022-07-03 12:51:56', 1),
(503, '::1', 'hrd@gmail.com', 1, '2022-07-03 13:29:39', 1),
(504, '::1', 'admin@gmail.com', 5, '2022-07-03 13:37:11', 0),
(505, '::1', 'admin@gmail.com', 5, '2022-07-03 13:37:53', 1),
(506, '::1', 'hrd@gmail.com', 1, '2022-07-03 14:17:03', 1),
(507, '::1', 'admin@gmail.com', 5, '2022-07-03 14:18:03', 1),
(508, '::1', 'admin@gmail.com', 5, '2022-07-03 15:11:44', 1),
(509, '::1', 'admin@gmail.com', 5, '2022-07-03 15:12:46', 1),
(510, '::1', 'admin@gmail.com', 5, '2022-07-03 15:18:16', 1),
(511, '::1', 'admin@gmail.com', 5, '2022-07-03 15:43:37', 1),
(512, '::1', 'admin@gmail.com', 5, '2022-07-03 18:06:33', 1),
(513, '::1', 'admin@gmail.com', 5, '2022-07-03 21:20:39', 1),
(514, '::1', 'hrd@gmail.com', 1, '2022-07-03 21:33:15', 1),
(515, '::1', 'admin@gmail.com', 5, '2022-07-03 21:40:00', 1),
(516, '::1', 'admin@gmail.com', 5, '2022-07-03 21:43:02', 1),
(517, '::1', 'admin@gmail.com', 5, '2022-07-03 21:48:13', 1),
(518, '::1', 'hrd@gmail.com', 1, '2022-07-03 22:26:46', 1),
(519, '::1', 'hrd@gmail.com', 1, '2022-07-03 22:29:24', 1),
(520, '::1', 'admin@gmail.com', 5, '2022-07-03 22:29:55', 1),
(521, '::1', 'hrd@gmail.com', 1, '2022-07-03 22:31:07', 1),
(522, '::1', 'hrd@gmail.com', 1, '2022-07-03 22:35:09', 1),
(523, '::1', 'admin@gmail.com', 5, '2022-07-03 22:36:58', 1),
(524, '::1', 'hrd@gmail.com', 1, '2022-07-03 22:37:11', 1),
(525, '::1', 'indah@gmail.com', 2, '2022-07-03 22:41:29', 1),
(526, '::1', 'admin@gmail.com', 5, '2022-07-03 22:42:28', 1),
(527, '::1', 'hrd@gmail.com', 1, '2022-07-03 22:42:43', 1),
(528, '::1', 'admin@gmail.com', 5, '2022-07-03 23:15:45', 1),
(529, '::1', 'admin@gmail.com', 5, '2022-07-04 04:03:38', 1),
(530, '::1', 'admin@gmail.com', 5, '2022-07-04 06:09:59', 1),
(531, '::1', 'admin@gmail.com', 5, '2022-07-04 06:14:50', 1),
(532, '::1', 'admin@gmail.com', 5, '2022-07-04 06:25:10', 1),
(533, '::1', 'test@gmail.com', NULL, '2022-07-04 06:27:11', 0),
(534, '::1', 'admin@gmail.com', 5, '2022-07-04 06:33:54', 1),
(535, '::1', 'admin@gmail.com', 5, '2022-07-04 06:59:33', 1),
(536, '::1', 'test1@gmail.com', NULL, '2022-07-04 07:00:38', 0),
(537, '::1', 'test1@gmail.com', NULL, '2022-07-04 07:00:48', 0),
(538, '::1', 'test1@gmail.com', NULL, '2022-07-04 07:01:15', 0),
(539, '::1', 'test1@gmail.com', NULL, '2022-07-04 07:01:25', 0),
(540, '::1', 'admin@gmail.com', 5, '2022-07-04 07:03:43', 1),
(541, '::1', 'anna@gmail.com', NULL, '2022-07-04 07:04:45', 0),
(542, '::1', 'admin@gmail.com', 5, '2022-07-04 07:18:09', 1),
(543, '::1', 'nova@gmail.com', 9, '2022-07-04 07:20:04', 0),
(544, '::1', 'nova@gmail.com', 9, '2022-07-04 07:24:05', 1),
(545, '::1', 'admin@gmail.com', 5, '2022-07-04 07:28:25', 1),
(546, '::1', 'abin@gmail.com', 10, '2022-07-04 07:29:35', 1),
(547, '::1', 'admin@gmail.com', 5, '2022-07-04 07:32:18', 1),
(548, '::1', 'admin@gmail.com', 5, '2022-07-04 12:03:26', 1),
(549, '::1', 'nova@gmail.com', 9, '2022-07-04 12:04:34', 1),
(550, '::1', 'nova@gmail.com', NULL, '2022-07-04 12:04:47', 0),
(551, '::1', 'admin@gmail.com', 5, '2022-07-04 12:05:01', 1),
(552, '::1', 'admin@gmail.com', 5, '2022-07-04 14:05:12', 1),
(553, '::1', 'admin@gmail.com', 5, '2022-07-04 17:32:15', 1),
(554, '::1', 'admin@gmail.com', 5, '2022-07-04 20:20:38', 1),
(555, '::1', 'admin@gmail.com', 5, '2022-07-04 20:29:19', 1),
(556, '::1', 'nova@gmail.com', NULL, '2022-07-04 20:41:41', 0),
(557, '::1', 'nova@gmail.com', 9, '2022-07-04 20:41:49', 1),
(558, '::1', 'admin@gmail.com', 5, '2022-07-04 20:42:19', 1),
(559, '::1', 'admin@gmail.com', 5, '2022-07-05 11:47:57', 1),
(560, '::1', 'admin@gmail.com', 5, '2022-07-05 18:08:52', 1),
(561, '::1', 'admin@gmail.com', 5, '2022-07-14 21:29:26', 1),
(562, '::1', 'hrd@gmail.com', 1, '2022-07-14 22:09:26', 1),
(563, '::1', 'admin@gmail.com', 5, '2022-07-14 22:09:44', 1),
(564, '::1', 'admin@gmail.com', NULL, '2022-07-14 22:10:36', 0),
(565, '::1', 'admin@gmail.com', 5, '2022-07-14 22:10:42', 1),
(566, '::1', 'hrd@gmail.com', 1, '2022-07-14 22:13:26', 1),
(567, '::1', 'admin@gmail.com', 5, '2022-07-14 23:23:18', 1),
(568, '::1', 'admin@gmail.com', 5, '2022-07-16 21:26:38', 1),
(569, '::1', 'admin@gmail.com', 5, '2022-07-17 00:04:55', 1),
(570, '::1', 'anna@gmail.com', NULL, '2022-07-17 00:26:38', 0),
(571, '::1', 'anna@gmail.com', 16, '2022-07-17 00:26:45', 1),
(572, '::1', 'admin@gmail.com', 5, '2022-07-17 00:27:02', 1),
(573, '::1', 'admin@gmail.com', NULL, '2022-07-17 00:28:47', 0),
(574, '::1', 'admin@gmail.com', 5, '2022-07-17 00:28:52', 1),
(575, '::1', 'admin@gmail.com', 5, '2022-07-17 00:31:00', 1),
(576, '::1', 'admin@gmail.com', 5, '2022-07-17 08:45:24', 1),
(577, '::1', 'admin@gmail.com', 5, '2022-07-17 09:00:53', 1),
(578, '::1', 'hrd@gmail.com', 1, '2022-07-17 09:01:52', 1),
(579, '::1', 'admin@gmail.com', 5, '2022-07-17 09:03:43', 1),
(580, '::1', 'indah@gmail.com', 2, '2022-07-17 09:04:03', 1),
(581, '::1', 'hrd@gmail.com', 1, '2022-07-17 09:04:41', 1),
(582, '::1', 'admin@gmail.com', 5, '2022-07-17 09:06:20', 1),
(583, '::1', 'hrd@gmail.com', 1, '2022-07-17 09:06:38', 1),
(584, '::1', 'indah@gmail.com', 2, '2022-07-17 09:06:50', 1),
(585, '::1', 'admin@gmail.com', NULL, '2022-07-17 09:15:30', 0),
(586, '::1', 'admin@gmail.com', 5, '2022-07-17 09:15:36', 1),
(587, '::1', 'hrd@gmail.com', 1, '2022-07-17 09:15:49', 1),
(588, '::1', 'admin@gmail.com', 5, '2022-07-17 09:17:21', 1),
(589, '::1', 'hrd@gmail.com', 1, '2022-07-17 09:30:18', 1),
(590, '::1', 'admin@gmail.com', 5, '2022-07-17 09:31:47', 1),
(591, '::1', 'hrd@gmail.com', 1, '2022-07-17 09:44:05', 1),
(592, '::1', 'admin@gmail.com', 5, '2022-07-17 09:47:35', 1),
(593, '::1', 'hrd@gmail.com', 1, '2022-07-17 09:48:36', 1),
(594, '::1', 'admin@gmail.com', 5, '2022-07-17 11:21:15', 1),
(595, '::1', 'admin@gmail.com', 5, '2022-07-17 12:44:34', 1),
(596, '::1', 'hrd@gmail.com', 1, '2022-07-17 12:45:49', 1),
(597, '::1', 'admin@gmail.com', 5, '2022-07-17 12:48:06', 1),
(598, '::1', 'abin@gmail.com', NULL, '2022-07-17 12:50:22', 0),
(599, '::1', 'abin@gmail.com', 10, '2022-07-17 12:50:31', 1),
(600, '::1', 'admin@gmail.com', 5, '2022-07-17 12:50:51', 1),
(601, '::1', 'nova@gmail.com', 9, '2022-07-17 12:51:30', 1),
(602, '::1', 'nova@gmail.com', 9, '2022-07-17 12:52:07', 1),
(603, '::1', 'admin@gmail.com', 5, '2022-07-17 12:52:49', 1),
(604, '::1', 'hrd@gmail.com', 1, '2022-07-17 12:53:47', 1),
(605, '::1', 'indah@gmail.com', 2, '2022-07-17 13:00:54', 1),
(606, '::1', 'admin@gmail.com', 5, '2022-07-17 13:01:08', 1),
(607, '::1', 'hrd@gmail.com', 1, '2022-07-17 13:02:29', 1),
(608, '::1', 'admin@gmail.com', 5, '2022-07-17 13:08:46', 1),
(609, '::1', 'indah@gmail.com', 2, '2022-07-17 13:15:27', 1),
(610, '::1', 'admin@gmail.com', NULL, '2022-07-17 13:15:43', 0),
(611, '::1', 'admin@gmail.com', 5, '2022-07-17 13:15:48', 1),
(612, '::1', 'anna@gmail.com', 17, '2022-07-17 13:17:55', 1),
(613, '::1', 'admin@gmail.com', 5, '2022-07-17 13:18:07', 1),
(614, '::1', 'anna@gmail.com', 18, '2022-07-17 13:19:43', 1),
(615, '::1', 'anna@gmail.com', NULL, '2022-07-17 13:20:27', 0),
(616, '::1', 'anna@gmail.com', 18, '2022-07-17 13:20:33', 1),
(617, '::1', 'admin@gmail.com', 5, '2022-07-17 13:20:49', 1),
(618, '::1', 'admin@gmail.com', NULL, '2022-07-17 13:27:57', 0),
(619, '::1', 'admin@gmail.com', 5, '2022-07-17 13:28:03', 1),
(620, '::1', 'hrd@gmail.com', 1, '2022-07-17 13:30:09', 1),
(621, '::1', 'admin@gmail.com', 5, '2022-07-17 13:30:56', 1),
(622, '::1', 'hrd@gmail.com', 1, '2022-07-17 13:31:18', 1),
(623, '::1', 'hrd@gmail.com', NULL, '2022-07-17 13:38:57', 0),
(624, '::1', 'hrd@gmail.com', 1, '2022-07-17 13:39:03', 1),
(625, '::1', 'indah@gmail.com', 2, '2022-07-17 13:39:34', 1),
(626, '::1', 'indah@gmail.com', NULL, '2022-07-17 13:40:24', 0),
(627, '::1', 'indah@gmail.com', 2, '2022-07-17 13:40:30', 1),
(628, '::1', 'hrd@gmail.com', 1, '2022-07-17 13:41:36', 1),
(629, '::1', 'indah@gmail.com', 2, '2022-07-17 13:43:14', 1),
(630, '::1', 'admin@gmail.com', 5, '2022-07-17 13:43:48', 1),
(631, '::1', 'novi@gmail.com', 4, '2022-07-17 13:45:48', 1),
(632, '::1', 'abin@gmail.com', NULL, '2022-07-17 13:46:14', 0),
(633, '::1', 'abin@gmail.com', 10, '2022-07-17 13:46:23', 1),
(634, '::1', 'aura@gmail.com', 3, '2022-07-17 13:46:48', 1),
(635, '::1', 'indah@gmail.com', 2, '2022-07-17 13:47:01', 1),
(636, '::1', 'indah@gmail.com', 2, '2022-07-17 15:41:12', 1),
(637, '::1', 'abin@gmail.com', 10, '2022-07-17 15:41:29', 1),
(638, '::1', 'novi@gmail.com', 4, '2022-07-17 15:41:42', 1),
(639, '::1', 'aura@gmail.com', 3, '2022-07-17 15:41:59', 1),
(640, '::1', 'abin@gmail.com', 10, '2022-07-17 15:42:24', 1),
(641, '::1', 'hrd@gmail.com', 1, '2022-07-17 15:44:31', 1),
(642, '::1', 'abin@gmail.com', 10, '2022-07-17 15:48:27', 1),
(643, '::1', 'abin@gmail.com', 10, '2022-07-17 15:48:50', 1),
(644, '::1', 'abin@gmail.com', NULL, '2022-07-17 15:49:18', 0),
(645, '::1', 'abin@gmail.com', 10, '2022-07-17 15:49:25', 1),
(646, '::1', 'hrd@gmail.com', 1, '2022-07-17 15:56:50', 1),
(647, '::1', 'indah@gmail.com', 2, '2022-07-17 15:58:11', 1),
(648, '::1', 'hrd@gmail.com', 1, '2022-07-17 16:01:13', 1),
(649, '::1', 'novi@gmail.com', 4, '2022-07-17 16:02:45', 1),
(650, '::1', 'hrd@gmail.com', 1, '2022-07-17 16:05:06', 1),
(651, '::1', 'aura@gmail.com', 3, '2022-07-17 16:09:31', 1),
(652, '::1', 'hrd@gmail.com', 1, '2022-07-17 16:10:48', 1),
(653, '::1', 'abin@gmail.com', NULL, '2022-07-17 16:39:54', 0),
(654, '::1', 'abin@gmail.com', 10, '2022-07-17 16:40:14', 1),
(655, '::1', 'admin@gmail.com', 5, '2022-07-17 16:40:30', 1),
(656, '::1', 'admin1@gmail.com', 19, '2022-07-17 16:43:16', 1),
(657, '::1', 'admin1@gmail.com', NULL, '2022-07-17 16:43:51', 0),
(658, '::1', 'admin1@gmail.com', 19, '2022-07-17 16:43:58', 1),
(659, '::1', 'admin@gmail.com', 5, '2022-07-17 16:44:26', 1),
(660, '::1', 'admin1@gmail.com', 20, '2022-07-17 16:45:04', 1),
(661, '::1', 'admin@gmail.com', 5, '2022-07-17 16:45:22', 1),
(662, '::1', 'admin1@gmail.com', NULL, '2022-07-17 16:45:45', 0),
(663, '::1', 'admin@gmail.com', 5, '2022-07-17 16:46:10', 1),
(664, '::1', 'abin@gmail.com', 10, '2022-07-17 16:47:11', 1),
(665, '::1', 'admin@gmail.com', 5, '2022-07-17 16:47:38', 1),
(666, '::1', 'anna@gmail.com', 21, '2022-07-17 16:48:27', 1),
(667, '::1', 'anna@gmail.com', 21, '2022-07-17 16:49:01', 1),
(668, '::1', 'admin@gmail.com', 5, '2022-07-17 16:49:13', 1),
(669, '::1', 'admin@gmail.com', NULL, '2022-07-18 16:49:50', 0),
(670, '::1', 'admin@gmail.com', 5, '2022-07-18 16:49:57', 1),
(671, '::1', 'indah@gmail.com', NULL, '2022-07-20 06:46:54', 0),
(672, '::1', 'indah@gmail.com', 2, '2022-07-20 06:47:02', 1),
(673, '::1', 'admin@gmail.com', 5, '2022-07-20 06:48:48', 1),
(674, '::1', 'hrd@gmail.com', 1, '2022-07-20 08:25:30', 1),
(675, '::1', 'admin@gmail.com', 5, '2022-07-20 12:21:41', 1),
(676, '::1', 'admin@gmail.com', 5, '2022-07-20 12:23:02', 1),
(677, '::1', 'admin@gmail.com', 5, '2022-07-20 12:33:14', 1),
(678, '::1', 'admin@gmail.com', 5, '2022-07-20 12:34:05', 1),
(679, '::1', 'admin@gmail.com', 5, '2022-07-20 14:38:10', 1),
(680, '::1', 'admin@gmail.com', 5, '2022-07-20 15:00:48', 1),
(681, '::1', 'indah@gmail.com', 2, '2022-07-20 15:13:25', 1),
(682, '::1', 'admin@gmail.com', 5, '2022-07-21 20:28:45', 1),
(683, '::1', 'hrd@gmail.com', 1, '2022-07-21 20:29:04', 1),
(684, '::1', 'fikka@gmail.com', 22, '2022-07-21 20:30:00', 1),
(685, '::1', 'hrd@gmail.com', 1, '2022-07-21 20:31:41', 1),
(686, '::1', 'admin@gmail.com', NULL, '2022-07-21 20:37:17', 0),
(687, '::1', 'hrd@gmail.com', 1, '2022-07-21 20:37:23', 1),
(688, '::1', 'admin@gmail.com', 5, '2022-07-21 20:37:48', 1),
(689, '::1', 'fikka@gmail.com', 22, '2022-07-21 20:38:35', 1),
(690, '::1', 'admin@gmail.com', 5, '2022-07-21 20:38:56', 1),
(691, '::1', 'admin@gmail.com', 5, '2022-07-21 20:45:05', 1),
(692, '::1', 'hrd@gmail.com', 1, '2022-07-21 20:45:16', 1),
(693, '::1', 'fikka@gmail.com', 22, '2022-07-21 20:45:29', 1),
(694, '::1', 'nita@gmail.com', NULL, '2022-07-21 20:45:44', 0),
(695, '::1', 'nita@gmail.com', NULL, '2022-07-21 20:45:58', 0),
(696, '::1', 'nita@gmail.com', 23, '2022-07-21 20:46:16', 1),
(697, '::1', 'fikka@gmail.com', 22, '2022-07-21 20:46:37', 1),
(698, '::1', 'fikka@gmail.com', NULL, '2022-07-21 20:47:12', 0),
(699, '::1', 'fikka@gmail.com', 22, '2022-07-21 20:47:19', 1),
(700, '::1', 'admin@gmail.com', 5, '2022-07-21 20:47:34', 1),
(701, '::1', 'admin@gmail.com', NULL, '2022-07-21 20:48:07', 0),
(702, '::1', 'admin@gmail.com', 5, '2022-07-21 20:48:12', 1),
(703, '::1', 'hrd@gmail.com', NULL, '2022-07-21 20:48:24', 0),
(704, '::1', 'hrd@gmail.com', NULL, '2022-07-21 20:48:31', 0),
(705, '::1', 'hrd@gmail.com', 1, '2022-07-21 20:48:37', 1),
(706, '::1', 'hrd@gmail.com', NULL, '2022-07-21 20:49:13', 0),
(707, '::1', 'hrd@gmail.com', 1, '2022-07-21 20:49:17', 1),
(708, '::1', 'hrd@gmail.com', 1, '2022-07-21 20:49:49', 1),
(709, '::1', 'fikka@gmail.com', 22, '2022-07-21 20:50:21', 1),
(710, '::1', 'hrd@gmail.com', 1, '2022-07-21 20:50:32', 1),
(711, '::1', 'fikka@gmail.com', 22, '2022-07-21 20:51:07', 1),
(712, '::1', 'hrd@gmail.com', 1, '2022-07-21 20:52:27', 1),
(713, '::1', 'fikka@gmail.com', 22, '2022-07-21 20:52:56', 1),
(714, '::1', 'hrd@gmail.com', 1, '2022-07-21 20:53:48', 1),
(715, '::1', 'fikka@gmail.com', 22, '2022-07-21 20:54:17', 1),
(716, '::1', 'hrd@gmail.com', 1, '2022-07-21 20:55:42', 1),
(717, '::1', 'fikka@gmail.com', 22, '2022-07-21 20:57:01', 1),
(718, '::1', 'fikka@gmail.com', 22, '2022-07-21 20:57:15', 1),
(719, '::1', 'hrd@gmail.com', 1, '2022-07-21 20:57:27', 1),
(720, '::1', 'admin@gmail.com', 5, '2022-07-21 20:57:39', 1),
(721, '::1', 'hrd@gmail.com', 1, '2022-07-21 20:58:10', 1),
(722, '::1', 'admin@gmail.com', 5, '2022-07-21 20:58:23', 1),
(723, '::1', 'hrd@gmail.com', 1, '2022-07-21 20:58:37', 1),
(724, '::1', 'hrd@gmail.com', 1, '2022-07-21 21:04:58', 1),
(725, '::1', 'admin@gmail.com', 5, '2022-07-21 21:05:37', 1),
(726, '::1', 'fikka@gmail.com', 22, '2022-07-21 21:06:03', 1),
(727, '::1', 'vina@gmail.com', 24, '2022-07-22 05:42:01', 1),
(728, '::1', 'hrd@gmail.com', 1, '2022-07-22 05:43:53', 1),
(729, '::1', 'vina@gmail.com', 24, '2022-07-22 05:44:23', 1),
(730, '::1', 'vina@gmail.com', NULL, '2022-07-22 05:44:59', 0),
(731, '::1', 'vina@gmail.com', 24, '2022-07-22 05:45:08', 1),
(732, '::1', 'hrd@gmail.com', 1, '2022-07-22 05:45:21', 1),
(733, '::1', 'hrd@gmail.com', NULL, '2022-07-22 05:50:34', 0),
(734, '::1', 'hrd@gmail.com', 1, '2022-07-22 05:50:40', 1),
(735, '::1', 'vina@gmail.com', 24, '2022-07-22 05:51:00', 1),
(736, '::1', 'admin@gmail.com', 5, '2022-07-22 05:51:15', 1),
(737, '::1', 'yudhis@gmail.com', NULL, '2022-07-22 05:59:31', 0),
(738, '::1', 'yudhis@gmail.com', 25, '2022-07-22 05:59:40', 1),
(739, '::1', 'admin@gmail.com', NULL, '2022-07-22 06:00:01', 0),
(740, '::1', 'admin@gmail.com', 5, '2022-07-22 06:00:07', 1),
(741, '::1', 'yudhis@gmail.com', NULL, '2022-07-22 06:00:38', 0),
(742, '::1', 'yudhis@gmail.com', NULL, '2022-07-22 06:00:46', 0),
(743, '::1', 'admin@gmail.com', 5, '2022-07-22 06:01:06', 1),
(744, '::1', 'admin@gmail.com', NULL, '2022-07-22 06:01:38', 0),
(745, '::1', 'admin@gmail.com', 5, '2022-07-22 06:01:46', 1),
(746, '::1', 'vina@gmail.com', 24, '2022-07-22 06:02:03', 1),
(747, '::1', 'vina@gmail.com', 24, '2022-07-22 06:05:12', 1),
(748, '::1', 'hrd@gmail.com', 1, '2022-07-22 06:06:22', 1),
(749, '::1', 'vina@gmail.com', 24, '2022-07-22 06:06:51', 1),
(750, '::1', 'hrd@gmail.com', 1, '2022-07-22 06:07:53', 1),
(751, '::1', 'hrd@gmail.com', 1, '2022-07-22 06:10:32', 1),
(752, '::1', 'hrd@gmail.com', 1, '2022-07-22 06:11:09', 1),
(753, '::1', 'vina@gmail.com', 24, '2022-07-22 06:11:45', 1),
(754, '::1', 'hrd@gmail.com', 1, '2022-07-22 06:11:58', 1),
(755, '::1', 'admin@gmail.com', 5, '2022-07-22 06:12:11', 1),
(756, '::1', 'admin@gmail.com', 5, '2022-07-22 12:45:58', 1),
(757, '::1', 'admin@gmail.com', 5, '2022-07-22 12:53:58', 1),
(758, '::1', 'hrd@gmail.com', 1, '2022-07-22 12:54:09', 1),
(759, '::1', 'firman@gmail.com', 26, '2022-07-22 13:20:10', 1),
(760, '::1', 'firman@gmail.com', NULL, '2022-07-22 13:22:09', 0),
(761, '::1', 'firman@gmail.com', 26, '2022-07-22 13:22:18', 1),
(762, '::1', 'hrd@gmail.com', 1, '2022-07-22 13:22:32', 1),
(763, '::1', 'hrd@gmail.com', NULL, '2022-07-22 13:26:49', 0),
(764, '::1', 'hrd@gmail.com', 1, '2022-07-22 13:26:54', 1),
(765, '::1', 'admin@gmail.com', 5, '2022-07-22 13:27:10', 1),
(766, '::1', 'admin@gmail.com', NULL, '2022-07-22 13:29:39', 0),
(767, '::1', 'admin@gmail.com', 5, '2022-07-22 13:29:47', 1),
(768, '::1', 'firman@gmail.com', 26, '2022-07-22 13:31:32', 1),
(769, '::1', 'hrd@gmail.com', 1, '2022-07-22 13:35:44', 1),
(770, '::1', 'firman@gmail.com', NULL, '2022-07-22 13:36:07', 0),
(771, '::1', 'firman@gmail.com', NULL, '2022-07-22 13:36:15', 0),
(772, '::1', 'firman@gmail.com', 26, '2022-07-22 13:36:21', 1),
(773, '::1', 'admin@gmail.com', 5, '2022-07-25 09:25:58', 1);

-- --------------------------------------------------------

--
-- Table structure for table `auth_permissions`
--

CREATE TABLE `auth_permissions` (
  `id` int(11) UNSIGNED NOT NULL,
  `name` varchar(255) NOT NULL,
  `description` varchar(255) NOT NULL
) ENGINE=InnoDB DEFAULT CHARSET=utf8;

--
-- Dumping data for table `auth_permissions`
--

INSERT INTO `auth_permissions` (`id`, `name`, `description`) VALUES
(1, 'manage-lamaran', 'Manage All Lamaran'),
(2, 'manage-pendaftaran', 'Manage Data Pendaftaran');

-- --------------------------------------------------------

--
-- Table structure for table `auth_reset_attempts`
--

CREATE TABLE `auth_reset_attempts` (
  `id` int(11) UNSIGNED NOT NULL,
  `email` varchar(255) NOT NULL,
  `ip_address` varchar(255) NOT NULL,
  `user_agent` varchar(255) NOT NULL,
  `token` varchar(255) DEFAULT NULL,
  `created_at` datetime NOT NULL
) ENGINE=InnoDB DEFAULT CHARSET=utf8;

-- --------------------------------------------------------

--
-- Table structure for table `auth_tokens`
--

CREATE TABLE `auth_tokens` (
  `id` int(11) UNSIGNED NOT NULL,
  `selector` varchar(255) NOT NULL,
  `hashedValidator` varchar(255) NOT NULL,
  `user_id` int(11) UNSIGNED NOT NULL,
  `expires` datetime NOT NULL
) ENGINE=InnoDB DEFAULT CHARSET=utf8;

-- --------------------------------------------------------

--
-- Table structure for table `auth_users_permissions`
--

CREATE TABLE `auth_users_permissions` (
  `user_id` int(11) UNSIGNED NOT NULL DEFAULT 0,
  `permission_id` int(11) UNSIGNED NOT NULL DEFAULT 0
) ENGINE=InnoDB DEFAULT CHARSET=utf8;

-- --------------------------------------------------------

--
-- Table structure for table `kategori`
--

CREATE TABLE `kategori` (
  `id_kategori` int(11) NOT NULL,
  `kategori` varchar(255) NOT NULL
) ENGINE=InnoDB DEFAULT CHARSET=utf8mb4;

--
-- Dumping data for table `kategori`
--

INSERT INTO `kategori` (`id_kategori`, `kategori`) VALUES
(1, 'Manager'),
(2, 'Design'),
(3, 'Programmer');

-- --------------------------------------------------------

--
-- Table structure for table `lamaran`
--

CREATE TABLE `lamaran` (
  `id_lamaran` int(11) NOT NULL,
  `id` int(11) UNSIGNED NOT NULL,
  `id_lowongan` int(11) UNSIGNED NOT NULL,
  `cv` varchar(1000) DEFAULT NULL,
  `portofolio` varchar(1000) DEFAULT NULL,
  `tgl_lamaran` timestamp NOT NULL DEFAULT current_timestamp(),
  `status_lamaran` enum('Menunggu Konfirmasi','Review HRD','Interview','Diterima','Ditolak') NOT NULL DEFAULT 'Menunggu Konfirmasi',
  `jadwal_interview` datetime DEFAULT NULL
) ENGINE=InnoDB DEFAULT CHARSET=utf8mb4;

--
-- Dumping data for table `lamaran`
--

INSERT INTO `lamaran` (`id_lamaran`, `id`, `id_lowongan`, `cv`, `portofolio`, `tgl_lamaran`, `status_lamaran`, `jadwal_interview`) VALUES
(1, 2, 4, '1652170323_827b48c696024ff0533b.pdf', '1652170323_63222292a5e605c05fd5.pdf', '2022-05-10 08:12:03', 'Ditolak', NULL),
(2, 2, 3, '1652196716_a6ec5d32061246b329b4.pdf', '1652196716_a3e86af5ca8abab3583f.pdf', '2022-05-10 15:31:57', 'Ditolak', NULL),
(3, 2, 4, '1652197477_c80e0fea077addb5dc12.pdf', '1652197477_ad28cfd2c61af45e74d4.pdf', '2022-05-10 15:44:37', 'Ditolak', '0000-00-00 00:00:00'),
(4, 2, 4, '1652197888_ba52a9e449d46b001cca.pdf', '1652197888_a3e64525bce47b50bc44.pdf', '2022-05-10 15:51:28', 'Ditolak', '0000-00-00 00:00:00'),
(5, 2, 4, '1652198179_ed7c9193079b1730f005.pdf', '1652198179_e2c04f0440dc94aa182a.pdf', '2022-05-10 15:56:20', 'Ditolak', '0000-00-00 00:00:00'),
(6, 2, 5, '1652263248_2743c035b9842f336e5b.pdf', '1652263248_f8afc7031af2727c476b.pdf', '2022-05-11 10:00:48', 'Ditolak', '0000-00-00 00:00:00'),
(7, 2, 5, '1652266475_71528f018ef10ccb24f8.pdf', '1652266475_952b07b0b684cb2476b5.pdf', '2022-05-11 10:54:35', 'Ditolak', NULL),
(8, 2, 5, '1652267298_a3425959031dbbacab6b.pdf', '1652267298_163dfdf7bdb8e719b07f.pdf', '2022-05-11 11:08:18', 'Menunggu Konfirmasi', '0000-00-00 00:00:00'),
(9, 3, 7, '1652705431_c007bb9ed392d9cf4f5e.pdf', '1652705431_2e576368fdd5c32cbdb1.pdf', '2022-05-16 12:50:31', 'Ditolak', '0000-00-00 00:00:00'),
(10, 4, 7, '1652757777_954580ec5ef8d486aed9.pdf', '1652757777_53a3c8313416e10f6638.pdf', '2022-05-17 03:22:57', 'Ditolak', '0000-00-00 00:00:00'),
(11, 4, 7, '1652758375_dbaf1c5b37b09ddd18f7.pdf', NULL, '2022-05-17 03:32:55', 'Diterima', '0000-00-00 00:00:00'),
(12, 10, 3, '1658047457_b9b6c027ad3b2367bbb1.pdf', '1658047457_7e1823e1e2b996501479.pdf', '2022-07-17 08:44:17', 'Interview', '2022-07-18 09:00:00'),
(13, 3, 5, '1658049036_26734d6f7c0682ae79b3.pdf', NULL, '2022-07-17 09:10:36', 'Menunggu Konfirmasi', NULL),
(14, 22, 3, '1658410286_1ff5ffe40d9e2a40730e.pdf', '1658410286_d9b218e648857aa44431.pdf', '2022-07-21 13:31:26', 'Ditolak', '0000-00-00 00:00:00'),
(15, 22, 7, '1658411725_a39351eb70e56d1cb2dd.pdf', NULL, '2022-07-21 13:55:25', 'Review HRD', '0000-00-00 00:00:00'),
(16, 24, 4, '1658443399_c4b68208590601cb634b.pdf', '1658443399_3a359166c9a3153b4842.pdf', '2022-07-21 22:43:19', 'Ditolak', '0000-00-00 00:00:00'),
(17, 24, 5, '1658444858_dfdf4a4dd3f64549595e.pdf', NULL, '2022-07-21 23:07:38', 'Menunggu Konfirmasi', NULL),
(18, 26, 3, '1658470884_541c8b422a69ae7a205f.pdf', '1658470884_4ddc1b828604b6ad8bf6.pdf', '2022-07-22 06:21:24', 'Ditolak', '0000-00-00 00:00:00');

-- --------------------------------------------------------

--
-- Table structure for table `lowongan`
--

CREATE TABLE `lowongan` (
  `id_lowongan` int(11) UNSIGNED NOT NULL,
  `id_kategori` int(11) NOT NULL,
  `nama_divisi` varchar(255) NOT NULL,
  `deskripsi` varchar(1000) NOT NULL,
  `persyaratan` varchar(1000) NOT NULL,
  `skills` varchar(1000) NOT NULL,
  `total_posisi` int(11) NOT NULL,
  `deadline` date NOT NULL
) ENGINE=InnoDB DEFAULT CHARSET=utf8mb4;

--
-- Dumping data for table `lowongan`
--

INSERT INTO `lowongan` (`id_lowongan`, `id_kategori`, `nama_divisi`, `deskripsi`, `persyaratan`, `skills`, `total_posisi`, `deadline`) VALUES
(3, 2, 'UI/UX Designer', '<ul>\r\n	<li>Komitmen terpenting kami di Ultranesia adalah menjaga keamanan komunitas kami. Ini adalah area yang menantang namun sangat penting bagi industri kami untuk diperbaiki, dan pendekatan kami untuk melindungi keselamatan pengguna kami mencakup kebijakan, produk, orang, dan mitra.</li>\r\n	<li>Komitmen terpenting kami di Ultranesia adalah menjaga keamanan komunitas kami. Ini adalah area yang menantang namun sangat penting bagi industri kami untuk diperbaiki, dan pendekatan kami untuk melindungi keselamatan pengguna kami mencakup kebijakan, produk, orang, dan mitra.</li>\r\n</ul>\r\n', '<ul>\r\n	<li>Pinter</li>\r\n	<li>Cantik</li>\r\n	<li>Ganteng</li>\r\n</ul>\r\n', '<ul>\r\n	<li>Menguasai Java</li>\r\n	<li>Menguasai Bahasa</li>\r\n</ul>\r\n', 10, '2022-07-25'),
(4, 1, 'CEO Excecutive', '<ul>\r\n	<li>bisa marketing</li>\r\n	<li>bisa apa aja</li>\r\n</ul>\r\n', '<ul>\r\n	<li>pinter</li>\r\n	<li>cantik</li>\r\n</ul>\r\n', '<ul>\r\n	<li>bisa word</li>\r\n	<li>bisa excel</li>\r\n</ul>\r\n', 10, '2022-07-26'),
(5, 2, 'Animation Designer', '<ul>\r\n	<li>bisa ngedit</li>\r\n	<li>bisa animasi</li>\r\n</ul>\r\n', '<ul>\r\n	<li>pinter</li>\r\n	<li>kreatif</li>\r\n</ul>\r\n', '<ul>\r\n	<li>telaten</li>\r\n	<li>rajin</li>\r\n</ul>\r\n', 10, '2022-07-25'),
(7, 3, 'Java Programmer', '<ul>\r\n	<li>dapat membuat aplikasi dengan bahasa java</li>\r\n	<li>dapat membuat aplikasi oop</li>\r\n</ul>\r\n', '<ul>\r\n	<li>rajin</li>\r\n	<li>bertanggung jawab</li>\r\n</ul>\r\n', '<ul>\r\n	<li>bisa menguji sistem</li>\r\n	<li>bisa bahasa java</li>\r\n</ul>\r\n', 10, '2022-07-26');

-- --------------------------------------------------------

--
-- Table structure for table `migrations`
--

CREATE TABLE `migrations` (
  `id` bigint(20) UNSIGNED NOT NULL,
  `version` varchar(255) NOT NULL,
  `class` varchar(255) NOT NULL,
  `group` varchar(255) NOT NULL,
  `namespace` varchar(255) NOT NULL,
  `time` int(11) NOT NULL,
  `batch` int(11) UNSIGNED NOT NULL
) ENGINE=InnoDB DEFAULT CHARSET=utf8;

-- --------------------------------------------------------

--
-- Table structure for table `users`
--

CREATE TABLE `users` (
  `id` int(11) UNSIGNED NOT NULL,
  `email` varchar(255) NOT NULL,
  `username` varchar(30) DEFAULT NULL,
  `fullname` varchar(255) DEFAULT NULL,
  `role` enum('admin','hrd','pelamar') NOT NULL DEFAULT 'pelamar',
  `no_hp` varchar(13) DEFAULT NULL,
  `user_image` varchar(255) NOT NULL DEFAULT 'default.svg',
  `password_hash` varchar(255) NOT NULL,
  `jk` enum('Laki-laki','Perempuan') DEFAULT NULL,
  `tempat_lahir` varchar(100) DEFAULT NULL,
  `tgl_lahir` date DEFAULT NULL,
  `alamat` varchar(1000) DEFAULT NULL,
  `pendidikan_terakhir` enum('D3','D4','S1') DEFAULT NULL,
  `univ` varchar(255) DEFAULT NULL,
  `jurusan` varchar(100) DEFAULT NULL,
  `tahun_lulus` year(4) DEFAULT NULL,
  `ipk` double DEFAULT NULL,
  `reset_hash` varchar(255) DEFAULT NULL,
  `reset_at` datetime DEFAULT NULL,
  `reset_expires` datetime DEFAULT NULL,
  `activate_hash` varchar(255) DEFAULT NULL,
  `status` varchar(255) DEFAULT NULL,
  `status_message` varchar(255) DEFAULT NULL,
  `active` tinyint(1) NOT NULL DEFAULT 1,
  `force_pass_reset` tinyint(1) NOT NULL DEFAULT 0,
  `created_at` datetime DEFAULT NULL,
  `updated_at` datetime DEFAULT NULL,
  `deleted_at` datetime DEFAULT NULL
) ENGINE=InnoDB DEFAULT CHARSET=utf8;

--
-- Dumping data for table `users`
--

INSERT INTO `users` (`id`, `email`, `username`, `fullname`, `role`, `no_hp`, `user_image`, `password_hash`, `jk`, `tempat_lahir`, `tgl_lahir`, `alamat`, `pendidikan_terakhir`, `univ`, `jurusan`, `tahun_lulus`, `ipk`, `reset_hash`, `reset_at`, `reset_expires`, `activate_hash`, `status`, `status_message`, `active`, `force_pass_reset`, `created_at`, `updated_at`, `deleted_at`) VALUES
(1, 'hrd@gmail.com', NULL, 'HRD', 'hrd', '087654688657', 'default.svg', '$2y$10$hYEeiiDYUd.hMX4risxRruayfk9NHOlCQsEDcua7TT9QSyJpDRrnW', NULL, NULL, NULL, NULL, NULL, NULL, NULL, NULL, NULL, NULL, NULL, NULL, NULL, NULL, NULL, 1, 0, '2022-03-17 07:52:44', '2022-07-22 13:26:34', NULL),
(2, 'indah@gmail.com', NULL, 'Indah Cahya F', 'pelamar', '087543675485', 'default.svg', '$2y$10$3kDYaD01zaqTliIG.CEVl..8yJ2PFLYOyWBQECYQlT0c8wOGejiCK', 'Perempuan', 'banyumas', '2022-05-12', 'cilacap', 'S1', 'univ unsoed', 'industri', 2022, 4, NULL, NULL, NULL, NULL, NULL, NULL, 1, 0, '2022-03-17 07:56:58', '2022-07-17 13:40:12', NULL),
(3, 'aura@gmail.com', NULL, 'Aura Fitria Asdy', 'pelamar', '085678901234', 'default.svg', '$2y$10$uMCXTjRouTdRnW92R4KEPuwtoGMQ9LVV6BEkZaUc6b661Ba62uAx.', 'Perempuan', 'cilacap', '2001-10-06', 'jl. lukuna', 'S1', 'ump', 'manajemen', 2023, 4, NULL, NULL, NULL, NULL, NULL, NULL, 1, 0, '2022-05-16 19:47:59', '2022-07-17 16:10:36', NULL),
(4, 'novi@gmail.com', NULL, 'Novi Siti Nurapriyani', 'pelamar', '089654234123', 'default.svg', '$2y$10$bMHoNdgkfbYG0ocJOL6QP.bJ27ULA61Iv5kD5f6gmQOBcGDmz6uwu', 'Perempuan', 'kota ciamis', '2022-05-12', 'jalan ciamis kota', 'S1', 'unsoed', 'informatika', 2023, 3.98, NULL, NULL, NULL, NULL, NULL, NULL, 1, 0, '2022-05-17 10:21:29', '2022-05-17 10:32:55', NULL),
(5, 'admin@gmail.com', NULL, 'Admin', 'admin', '089765345123', 'default.svg', '$2y$10$dqecFp4ygKgUJg7bsbla5OjyIpHdlGyEdOWlyelj18MV4EkmyZXM.', NULL, NULL, NULL, NULL, NULL, NULL, NULL, NULL, NULL, NULL, NULL, NULL, NULL, NULL, NULL, 1, 0, NULL, '2022-07-22 13:29:28', NULL),
(9, 'nova@gmail.com', NULL, 'Nova Wulan', 'hrd', '089786756120', 'default.svg', '$2y$10$q9Fj9kIUutRP4gehsaWiP.ZQXQ.b49ucwhQ3Mkhsz3rhyqH6X5v3e', NULL, NULL, NULL, NULL, NULL, NULL, NULL, NULL, NULL, NULL, NULL, NULL, NULL, NULL, NULL, 1, 0, NULL, NULL, NULL),
(10, 'abin@gmail.com', NULL, 'Abin', 'pelamar', '089786756400', 'default.svg', '$2y$10$YAY3/qi7p48STTVdR7FZH.E1guRjhUBgo2zuC47vuOm9ypWdtt0k.', 'Perempuan', 'jakarta', '2022-08-12', 'jl. duren sawit', 'S1', 'universitas jenderal soedirman', 'informatika', 2023, 3.95, NULL, NULL, NULL, NULL, NULL, NULL, 1, 0, NULL, '2022-07-17 15:49:06', NULL),
(21, 'anna@gmail.com', NULL, 'Anna', 'pelamar', '089786756411', 'default.svg', '$2y$10$ys6Fgzj33rAqEqXM0WMsZO.RTg6uj3ca1LmJtdbvKRNeAW4YCGfhy', NULL, NULL, NULL, NULL, NULL, NULL, NULL, NULL, NULL, NULL, NULL, NULL, NULL, NULL, NULL, 1, 0, '2022-07-17 16:48:14', '2022-07-17 16:48:14', NULL),
(22, 'fikka@gmail.com', NULL, 'Fikka Ayu', 'pelamar', '089786756001', 'default.svg', '$2y$10$Um7V8tqOFiUYA23SxNHhOesTUABsShfRzSxYgdqiXSolq6FfVM1HC', 'Perempuan', 'purwokerto', '2002-02-21', 'jl. baturaden kota', 'S1', 'unsoed', 'informatika', 2023, 3.95, NULL, NULL, NULL, NULL, NULL, NULL, 1, 0, '2022-07-21 20:29:48', '2022-07-21 20:55:25', NULL),
(23, 'nita@gmail.com', NULL, 'Nita', 'hrd', '089786756202', 'default.svg', '$2y$10$JjEXinFi0/PfuVb/5vd62.Yv0iPtpTsJuCg/ROHfVbd7CQYZhIkI6', NULL, NULL, NULL, NULL, NULL, NULL, NULL, NULL, NULL, NULL, NULL, NULL, NULL, NULL, NULL, 1, 0, NULL, NULL, NULL),
(24, 'vina@gmail.com', NULL, 'Agrivina', 'pelamar', '089786756020', 'default.svg', '$2y$10$5cqgbsFp82oNoBGqc73Mbuo4.MhYomJMMh.SFFCe.MBks9TO2lt2C', 'Perempuan', 'pwt', '2001-05-22', 'bobosan', 'S1', 'universitas jenderal soedirman', 'informatika', 2023, 3.95, NULL, NULL, NULL, NULL, NULL, NULL, 1, 0, '2022-07-22 05:41:52', '2022-07-22 06:07:38', NULL),
(26, 'firman@gmail.com', NULL, 'Firman', 'pelamar', '089786756400', 'default.svg', '$2y$10$ZwvrUuXr1G9cTsTgNd1DUeF48WXg6PcJi7N7Bj2wDCByGR.SW0Xbu', 'Laki-laki', 'papua', '2001-04-24', 'jl. jompo', 'S1', 'universitas jenderal soedirman', 'informatika', 2023, 4, NULL, NULL, NULL, NULL, NULL, NULL, 1, 0, '2022-07-22 13:19:53', '2022-07-22 13:21:54', NULL);

--
-- Indexes for dumped tables
--

--
-- Indexes for table `auth_activation_attempts`
--
ALTER TABLE `auth_activation_attempts`
  ADD PRIMARY KEY (`id`);

--
-- Indexes for table `auth_groups`
--
ALTER TABLE `auth_groups`
  ADD PRIMARY KEY (`id`);

--
-- Indexes for table `auth_groups_permissions`
--
ALTER TABLE `auth_groups_permissions`
  ADD KEY `auth_groups_permissions_permission_id_foreign` (`permission_id`),
  ADD KEY `group_id_permission_id` (`group_id`,`permission_id`);

--
-- Indexes for table `auth_groups_users`
--
ALTER TABLE `auth_groups_users`
  ADD KEY `auth_groups_users_user_id_foreign` (`user_id`),
  ADD KEY `group_id_user_id` (`group_id`,`user_id`);

--
-- Indexes for table `auth_logins`
--
ALTER TABLE `auth_logins`
  ADD PRIMARY KEY (`id`),
  ADD KEY `email` (`email`),
  ADD KEY `user_id` (`user_id`);

--
-- Indexes for table `auth_permissions`
--
ALTER TABLE `auth_permissions`
  ADD PRIMARY KEY (`id`);

--
-- Indexes for table `auth_reset_attempts`
--
ALTER TABLE `auth_reset_attempts`
  ADD PRIMARY KEY (`id`);

--
-- Indexes for table `auth_tokens`
--
ALTER TABLE `auth_tokens`
  ADD PRIMARY KEY (`id`),
  ADD KEY `auth_tokens_user_id_foreign` (`user_id`),
  ADD KEY `selector` (`selector`);

--
-- Indexes for table `auth_users_permissions`
--
ALTER TABLE `auth_users_permissions`
  ADD KEY `auth_users_permissions_permission_id_foreign` (`permission_id`),
  ADD KEY `user_id_permission_id` (`user_id`,`permission_id`);

--
-- Indexes for table `kategori`
--
ALTER TABLE `kategori`
  ADD PRIMARY KEY (`id_kategori`);

--
-- Indexes for table `lamaran`
--
ALTER TABLE `lamaran`
  ADD PRIMARY KEY (`id_lamaran`),
  ADD KEY `id` (`id`),
  ADD KEY `id_lowongan` (`id_lowongan`);

--
-- Indexes for table `lowongan`
--
ALTER TABLE `lowongan`
  ADD PRIMARY KEY (`id_lowongan`),
  ADD KEY `id_kategori` (`id_kategori`);

--
-- Indexes for table `migrations`
--
ALTER TABLE `migrations`
  ADD PRIMARY KEY (`id`);

--
-- Indexes for table `users`
--
ALTER TABLE `users`
  ADD PRIMARY KEY (`id`),
  ADD UNIQUE KEY `email` (`email`),
  ADD UNIQUE KEY `username` (`username`);

--
-- AUTO_INCREMENT for dumped tables
--

--
-- AUTO_INCREMENT for table `auth_activation_attempts`
--
ALTER TABLE `auth_activation_attempts`
  MODIFY `id` int(11) UNSIGNED NOT NULL AUTO_INCREMENT;

--
-- AUTO_INCREMENT for table `auth_groups`
--
ALTER TABLE `auth_groups`
  MODIFY `id` int(11) UNSIGNED NOT NULL AUTO_INCREMENT, AUTO_INCREMENT=3;

--
-- AUTO_INCREMENT for table `auth_logins`
--
ALTER TABLE `auth_logins`
  MODIFY `id` int(11) UNSIGNED NOT NULL AUTO_INCREMENT, AUTO_INCREMENT=774;

--
-- AUTO_INCREMENT for table `auth_permissions`
--
ALTER TABLE `auth_permissions`
  MODIFY `id` int(11) UNSIGNED NOT NULL AUTO_INCREMENT, AUTO_INCREMENT=3;

--
-- AUTO_INCREMENT for table `auth_reset_attempts`
--
ALTER TABLE `auth_reset_attempts`
  MODIFY `id` int(11) UNSIGNED NOT NULL AUTO_INCREMENT;

--
-- AUTO_INCREMENT for table `auth_tokens`
--
ALTER TABLE `auth_tokens`
  MODIFY `id` int(11) UNSIGNED NOT NULL AUTO_INCREMENT;

--
-- AUTO_INCREMENT for table `kategori`
--
ALTER TABLE `kategori`
  MODIFY `id_kategori` int(11) NOT NULL AUTO_INCREMENT, AUTO_INCREMENT=12;

--
-- AUTO_INCREMENT for table `lamaran`
--
ALTER TABLE `lamaran`
  MODIFY `id_lamaran` int(11) NOT NULL AUTO_INCREMENT, AUTO_INCREMENT=19;

--
-- AUTO_INCREMENT for table `lowongan`
--
ALTER TABLE `lowongan`
  MODIFY `id_lowongan` int(11) UNSIGNED NOT NULL AUTO_INCREMENT, AUTO_INCREMENT=16;

--
-- AUTO_INCREMENT for table `migrations`
--
ALTER TABLE `migrations`
  MODIFY `id` bigint(20) UNSIGNED NOT NULL AUTO_INCREMENT;

--
-- AUTO_INCREMENT for table `users`
--
ALTER TABLE `users`
  MODIFY `id` int(11) UNSIGNED NOT NULL AUTO_INCREMENT, AUTO_INCREMENT=28;

--
-- Constraints for dumped tables
--

--
-- Constraints for table `auth_groups_permissions`
--
ALTER TABLE `auth_groups_permissions`
  ADD CONSTRAINT `auth_groups_permissions_group_id_foreign` FOREIGN KEY (`group_id`) REFERENCES `auth_groups` (`id`) ON DELETE CASCADE,
  ADD CONSTRAINT `auth_groups_permissions_permission_id_foreign` FOREIGN KEY (`permission_id`) REFERENCES `auth_permissions` (`id`) ON DELETE CASCADE;

--
-- Constraints for table `auth_groups_users`
--
ALTER TABLE `auth_groups_users`
  ADD CONSTRAINT `auth_groups_users_group_id_foreign` FOREIGN KEY (`group_id`) REFERENCES `auth_groups` (`id`) ON DELETE CASCADE,
  ADD CONSTRAINT `auth_groups_users_user_id_foreign` FOREIGN KEY (`user_id`) REFERENCES `users` (`id`) ON DELETE CASCADE;

--
-- Constraints for table `auth_tokens`
--
ALTER TABLE `auth_tokens`
  ADD CONSTRAINT `auth_tokens_user_id_foreign` FOREIGN KEY (`user_id`) REFERENCES `users` (`id`) ON DELETE CASCADE;

--
-- Constraints for table `auth_users_permissions`
--
ALTER TABLE `auth_users_permissions`
  ADD CONSTRAINT `auth_users_permissions_permission_id_foreign` FOREIGN KEY (`permission_id`) REFERENCES `auth_permissions` (`id`) ON DELETE CASCADE,
  ADD CONSTRAINT `auth_users_permissions_user_id_foreign` FOREIGN KEY (`user_id`) REFERENCES `users` (`id`) ON DELETE CASCADE;

--
-- Constraints for table `lamaran`
--
ALTER TABLE `lamaran`
  ADD CONSTRAINT `lamaran_ibfk_1` FOREIGN KEY (`id`) REFERENCES `users` (`id`) ON DELETE CASCADE ON UPDATE CASCADE,
  ADD CONSTRAINT `lamaran_ibfk_2` FOREIGN KEY (`id_lowongan`) REFERENCES `lowongan` (`id_lowongan`) ON DELETE CASCADE ON UPDATE CASCADE;

--
-- Constraints for table `lowongan`
--
ALTER TABLE `lowongan`
  ADD CONSTRAINT `lowongan_ibfk_1` FOREIGN KEY (`id_kategori`) REFERENCES `kategori` (`id_kategori`) ON DELETE CASCADE ON UPDATE CASCADE;
COMMIT;

/*!40101 SET CHARACTER_SET_CLIENT=@OLD_CHARACTER_SET_CLIENT */;
/*!40101 SET CHARACTER_SET_RESULTS=@OLD_CHARACTER_SET_RESULTS */;
/*!40101 SET COLLATION_CONNECTION=@OLD_COLLATION_CONNECTION */;
